4.39173,4.25405,3.56889,3.94379,3.29734,3.29048,3.68162,3.67563,3.34869,3.58401,3.67567,5.05198,5.30755,6.10737,6.77647,6.63132,6.29926,5.67541,6.79522,5.91628,3.84508,3.34161,3.01936,2.02962,2.02478,1.66196,1.63376,1.54757,1.31146,1.26818,1.50845,1.6122,1.34114,1.79413,2.09606,1.925,2.18691,2.75793,2.75118,2.56545,3.18334,2.40467,2.30667,2.05057,2.05167,2.88356,2.84171,2.57313,2.36742,2.02959,1.3419,1.00559,1.21488,1.5791,1.08073,0.792295,1.20124,1.22273,1.13701,1.63042,0.890952,1.02369,0.987243,1.11718,0.736862,1.01444,1.16575,0.698766,0.641816,0.850733,0.75479,0.617483,0.385026,0.340089,0.190715,0.247421,0.217887,0.207734,0.181537,0.164289,0.265436,0.219834,0.389906,0.605363,0.689471,0.676599,0.637784,0.618453,0.175533,0.28322,0.201279,0.318153,0.522404,0.243339,0.186331,0.754575,0.539917,0.826206,0.000581919,0,
4.39173,4.01917,3.74618,3.39165,4.31529,4.91289,5.24735,4.33221,4.68735,5.05839,4.92959,4.25094,3.59917,3.1723,3.66652,3.41271,4.12216,3.86156,3.62314,3.32838,3.14569,3.8254,4.15685,4.62019,5.62689,4.29364,4.92692,4.9488,4.14805,5.37533,5.96995,6.08231,5.91495,4.32337,4.727,6.88209,7.68797,5.67802,4.74331,3.17261,2.55926,2.44593,2.27994,2.86993,3.39441,4.8769,4.42283,3.57272,3.76615,3.95858,2.50349,2.38222,3.04768,4.13105,3.78108,4.59827,5.30226,5.50318,5.87279,5.84073,5.57157,4.12837,4.28234,5.6208,6.54113,5.57215,4.12053,3.51397,3.21876,2.79831,2.19759,3.78706,1.90026,1.99276,1.78752,0.930363,1.19679,1.14185,0.904859,0.947561,1.6699,1.50245,1.32065,0.843986,0.895049,0.65891,0.249158,0.249801,0.270373,0.744769,0.472768,0.471637,0.127309,0.0696593,0.00866965,0.0125829,0.00918724,0.0002066,1.32201e-05,0,
4.39173,4.25579,4.26036,4.66405,3.86783,3.10569,2.76839,2.60008,2.44081,2.59661,2.63955,2.54631,2.5391,2.4691,2.46707,2.1243,2.11385,1.81503,1.99013,1.864,1.55847,1.80915,1.2135,1.41914,1.73515,1.64733,1.82989,1.27941,1.1823,0.774003,0.645596,0.654178,0.425364,0.463911,0.548521,0.43083,0.211583,0.144825,0.166028,0.0901147,0.127121,0.185544,0.179813,0.248463,0.145169,0.0788613,0.0773858,0.0804893,0.0618098,0.0430549,0.0215768,0.0182522,0.00780549,0.00730588,0.00525173,0.00583395,0.00167986,0.00185366,0.0015149,0.00183757,0.00176043,0.00179151,0.0032681,0.0018094,0.00127441,0.00226362,0.00365402,0.00216782,0.000846717,0.00051442,0.000277276,0.000155214,0.000121364,7.92019e-05,5.96062e-05,3.65122e-05,4.94588e-05,4.58545e-05,8.99618e-05,1.63648e-05,1.03901e-05,1.8625e-05,0.000146405,0.000162123,0.000727602,0.00101088,0.00387355,0.00283479,4.8169e-05,2.0473e-05,3.09336e-06,2.7536e-05,4.05316e-05,8.01025e-06,2.69634e-05,2.04882e-06,1.19705e-05,1.63862e-09,8.06805e-14,0,
4.39173,4.68041,3.74333,3.90652,3.75292,4.05142,4.14288,4.35935,3.88565,4.65509,4.1283,4.6341,3.42323,4.25663,4.20374,4.03342,3.87073,3.12791,2.18129,1.95331,1.99708,1.35996,1.39131,1.78421,1.89183,1.91311,2.15474,2.05773,2.11756,1.94162,1.98997,2.77792,2.32667,2.57448,2.89516,2.84546,3.3778,4.3747,3.63368,3.57069,3.02081,2.3933,3.14418,3.06063,1.28606,1.2076,0.967454,1.03044,0.692697,0.384928,0.533268,0.364402,0.386777,0.319111,0.445582,0.837696,0.741066,0.602128,0.830956,0.60438,0.505086,0.309406,0.439155,0.541913,0.551366,0.273431,0.269743,0.300729,0.428264,0.247241,0.215896,0.318809,0.384283,0.231917,0.120422,0.0652969,0.0874937,0.052799,0.0403067,0.00905328,0.0227647,0.00919808,0.00224334,0.000622939,0.00365403,0.00636196,0.00568071,0.00422444,0.000565396,0.000748772,0.000702725,0.00157612,0.00424759,8.16248e-05,3.48062e-05,4.32931e-08,5.84628e-11,1.84481e-14,3.48698e-37,0,
4.39173,4.64166,4.33433,5.3589,6.18961,5.74857,7.40883,6.93523,7.07059,6.30327,5.80427,5.94911,6.68469,7.26136,9.05986,7.56834,7.24165,6.3495,5.60946,6.05619,6.00267,6.57603,5.93776,5.98148,6.42661,6.40194,5.39913,4.54435,4.52326,3.74647,4.83395,5.60048,5.93665,5.65155,4.93523,5.40795,6.90378,6.56407,6.22124,6.93383,7.25079,8.66465,7.45517,6.70027,7.63573,6.85919,7.37232,6.9463,8.59813,8.39165,8.68593,7.88988,8.63594,9.45139,9.18107,7.21623,8.70269,9.43554,8.60535,7.10576,8.99395,9.80785,9.42909,11.0399,10.4701,11.8336,8.97544,9.43352,9.95105,7.21685,6.15298,6.3156,6.63678,7.28437,9.08849,7.96021,7.40194,7.00155,9.27017,10.4198,8.68994,8.07418,7.28703,6.42121,6.55627,7.23158,5.1378,4.70582,2.90279,2.83825,3.57077,3.86592,5.17985,7.45578,9.60432,7.85684,8.13737,8.37285,6.46588,5.97377,
4.39173,4.68135,4.48287,5.7914,5.38345,3.71483,3.25362,4.11109,2.52102,2.15697,2.87123,2.54211,1.87293,2.16606,2.75536,1.8654,1.81193,1.68076,1.34588,1.03516,0.894887,0.625325,0.642969,1.11006,1.17009,1.04348,1.11277,1.90781,2.24164,2.63551,2.84729,3.5071,2.98283,3.68598,2.41789,3.19312,4.15093,4.03893,3.78094,3.55417,2.76642,2.31223,3.01856,2.8883,2.40431,2.73947,1.77469,1.46821,1.45707,1.47197,1.11733,1.48136,1.51337,1.30036,1.02336,0.824227,0.833844,0.800055,0.789027,0.490063,0.421567,0.523488,0.732554,0.514561,0.586803,0.672011,0.448293,0.128024,0.226807,0.200441,0.123546,0.16536,0.176413,0.173311,0.0976159,0.0929653,0.138964,0.181461,0.16147,0.322199,0.341508,0.251265,0.117458,0.0835165,0.0947159,0.109857,0.156123,0.0688622,0.0562227,0.0228376,0.0401356,0.0539541,0.118282,0.0714339,0.00982272,0.00220253,2.65216e-05,2.89709e-09,6.5758e-22,0,
4.39173,3.32937,3.27314,2.82179,2.43275,2.93744,2.99398,3.4459,3.49331,4.30617,3.82954,4.2257,5.07797,4.91446,5.16791,5.59963,5.03008,4.93086,4.64297,4.90978,3.97691,5.00242,5.17944,5.68019,5.95633,5.92609,6.08026,6.82556,7.90252,7.30676,6.4653,6.24985,6.98758,7.06787,7.99905,7.03182,6.21978,5.65394,3.98344,4.71396,5.12005,6.60921,6.86282,6.29151,7.79474,8.95841,10.565,9.27692,7.92412,7.80991,8.21482,8.73145,10.394,8.42625,6.55053,8.60785,9.2695,7.15759,7.67592,8.13639,7.55475,8.18539,6.77792,6.52059,5.73778,4.1939,4.11363,4.80184,4.46517,4.74177,4.64957,3.57165,3.72223,2.95675,2.89943,2.52346,1.75305,1.43375,1.08456,0.791615,1.0209,1.35781,3.31087,2.32765,1.14109,1.13737,1.50614,2.3276,1.90986,1.44851,2.00709,2.11542,1.53692,1.07065,0.70193,0.737015,0.461491,0.233907,0.0394714,0,
4.39173,4.44413,4.44098,4.7832,5.44233,4.4523,5.60786,5.03128,3.31801,2.98129,3.43457,2.1445,1.77196,2.5651,2.33032,3.22111,3.59834,2.8457,3.29821,2.89195,2.46933,2.35607,3.1763,3.07188,3.17225,2.98765,4.15972,5.06378,5.0518,6.20201,5.69312,7.68969,6.92297,6.04068,6.9034,7.4088,6.77761,7.92006,7.4317,7.9589,7.50326,6.93207,8.58513,6.62589,5.42139,5.88452,5.3865,5.27406,5.6671,5.06612,6.57903,6.66629,6.65654,5.46543,6.18174,5.28107,5.66718,4.93336,5.04593,5.64705,4.78122,5.25036,4.76971,4.0745,3.31239,3.57156,4.46402,6.20809,5.79385,4.79971,4.55596,3.12146,2.7747,3.27814,5.27796,3.16221,2.79833,2.402,2.8817,3.44095,3.75341,3.81835,2.52658,1.7909,2.26534,2.73942,2.19957,0.799241,0.660811,0.441102,0.206809,0.388618,0.407708,0.444671,0.0976494,0.0315327,0.00265406,9.29521e-05,3.54926e-08,0,
4.39173,5.60465,6.07662,5.08642,4.95142,6.44861,7.93175,7.99039,9.84002,12.8961,11.8918,10.7643,12.3533,10.8463,10.4443,11.6134,10.9811,10.1254,9.99447,8.61319,9.23757,8.08736,9.65578,9.85231,9.56156,11.6531,12.03,14.5401,15.1771,16.6691,18.3518,16.4025,15.6941,17.4198,15.6808,13.6107,13.5346,13.7621,11.4566,13.2287,11.5182,13.2239,13.7552,12.9726,12.5342,13.4777,14.4071,14.427,14.2882,12.5438,10.8158,11.6288,12.7637,12.159,10.9879,12.3212,12.7371,14.623,13.8168,12.9443,13.2169,10.5465,11.9144,10.8867,10.1496,9.58915,9.82853,8.98242,8.00925,7.25242,5.88175,6.48512,6.69888,7.44984,9.0325,8.17759,7.10588,7.04473,6.41454,6.04288,6.38683,7.20503,6.404,4.65696,4.81258,4.3747,4.99208,6.78165,5.25646,2.87784,3.79009,2.57913,1.43684,1.72694,1.77106,1.08743,1.81122,1.19533,0.785128,0.404986,
4.39173,5.92455,6.61491,6.18569,5.79574,5.63749,6.17274,6.62529,6.11126,6.31816,7.43009,8.20372,9.49899,8.03733,8.03983,7.67455,6.03812,8.40234,8.82356,7.93825,9.27234,9.41066,9.16571,8.03021,7.6537,8.28234,10.1659,9.92917,9.17474,9.5706,8.46566,7.06593,8.44608,7.40355,7.33354,7.06767,5.9934,6.39774,4.9097,4.55702,4.24862,3.60848,3.71673,4.14114,3.92613,4.17499,5.22681,5.25495,6.54457,5.36794,6.88752,7.14391,5.67029,4.65087,5.42948,4.53618,3.88373,2.51268,2.51684,2.80982,3.41177,2.94939,2.59375,2.24676,2.34101,2.09748,1.79748,1.58085,2.0279,2.34996,1.7326,1.36663,1.09513,0.743685,0.575123,0.670888,0.679636,0.564824,0.955913,0.78083,0.502788,0.850734,0.551121,0.636182,0.694771,1.42341,0.888114,0.637995,1.69225,1.12729,1.57313,1.56803,0.922475,0.476805,0.265919,0.455419,0.713037,0.6351,0.200246,0,
4.39173,3.49892,3.25173,3.02292,3.21534,3.11886,3.83262,2.9074,2.4255,2.41222,2.79105,1.33057,1.67511,1.82141,1.70509,1.12976,1.19702,1.28176,1.2319,1.47821,2.0819,1.26766,1.33296,1.15011,1.14349,1.16987,0.935433,1.18321,1.29986,0.995531,1.0812,1.28346,1.64006,1.68599,1.70043,1.61096,1.39637,1.20263,0.976045,0.77193,1.46633,1.77864,1.99453,1.32472,1.59662,1.35291,1.5613,1.2429,1.02333,1.31714,1.98948,1.37403,1.22519,1.15276,1.25823,1.11525,0.952665,1.04077,0.79149,0.560182,0.715984,0.407893,0.594516,0.403894,0.33184,0.476194,0.463804,0.399566,0.506381,0.625149,0.625961,0.678842,0.437046,0.463516,0.644968,0.227513,0.259699,0.0920835,0.103639,0.041699,0.0430255,0.0429212,0.0940013,0.195802,0.162905,0.0777531,0.144307,0.191188,0.105563,0.0468575,0.0184271,0.000781581,0.000611635,0.000112201,5.32429e-07,1.8172e-07,1.95525e-09,2.12104e-17,1.25506e-34,0,
4.39173,3.68175,3.8602,2.97957,3.73466,4.79741,4.52795,4.19774,4.23997,3.81899,3.49662,3.45495,3.01058,2.57727,2.75249,2.64568,2.74301,2.34744,2.02705,1.57443,1.7771,1.9074,2.19964,1.82231,1.57348,1.62647,1.90062,1.99167,2.31105,2.3101,2.84212,2.70284,2.66979,2.74373,2.10815,1.63206,1.96224,1.3839,1.22385,0.958491,0.89506,0.60965,0.288522,0.415028,0.490328,0.75583,0.415347,0.716278,0.472237,0.273519,0.249113,0.274065,0.262984,0.459082,0.337696,0.394404,0.302854,0.250363,0.209224,0.190639,0.344424,0.244908,0.260334,0.218348,0.361599,0.383724,0.233012,0.251493,0.37173,0.342056,0.172569,0.111151,0.217776,0.210802,0.27642,0.862934,0.491657,0.273264,0.289695,0.186896,0.371259,0.568398,0.417755,0.207331,0.0827888,0.0262977,0.0603718,0.117425,0.351873,0.860432,0.39204,0.15009,0.221246,0.247386,0.443346,0.140902,0.327545,0.21867,0.179177,0,
4.39173,4.31833,3.19205,2.94767,3.74622,3.71156,3.59033,4.7586,4.27507,2.96702,3.60021,2.57698,2.53438,2.33607,2.70018,2.97519,3.18604,3.31515,2.49465,2.46457,2.8122,3.49792,3.06589,2.72494,3.75489,4.93502,5.23046,6.04256,6.65383,6.97291,7.39079,7.77147,4.72329,4.40654,4.3802,4.8846,4.76599,4.70706,5.98926,6.03313,7.91932,7.65019,6.88742,5.73906,5.30155,6.73166,5.19772,4.97407,3.80765,4.79988,4.20751,4.40469,3.87742,3.39434,3.00119,2.59233,3.00229,2.01186,2.21398,1.8468,1.77146,1.83886,2.16541,2.10083,2.12549,2.92955,3.40852,3.27855,2.0793,2.0156,1.38874,2.19775,2.49695,2.97563,3.64768,4.82139,4.38807,7.30987,8.2634,6.94916,8.2249,7.47786,9.82636,8.00518,9.52041,10.7813,8.7659,8.72211,8.07437,7.65343,6.09781,3.21468,2.86744,2.62461,1.92054,0.778465,2.33568,1.17263,0.768895,4.44523,
4.39173,4.20137,3.73765,3.07653,3.32012,3.36745,3.00635,3.02091,3.04438,2.807,2.9558,2.5986,2.13083,2.25506,2.26642,2.36975,2.54282,2.32819,1.74662,1.67539,1.35979,1.54644,1.7609,1.47584,1.48927,1.64558,1.1376,1.30344,1.34946,1.34503,1.86737,1.86896,2.08547,1.98338,2.31497,3.1778,2.95328,3.2279,4.02095,5.49301,5.92985,6.45341,7.98409,7.39716,7.98374,7.61277,8.288,7.78528,5.60914,5.82351,5.50252,6.10297,5.67275,4.99857,5.64445,6.41836,6.52172,7.73244,8.22673,10.1114,10.5706,13.9828,14.7165,14.4833,13.3719,11.4796,13.6491,17.6017,17.919,17.7555,18.8624,18.9041,18.8347,19.4528,18.6806,16.0331,15.6079,18.093,17.734,14.8217,12.8533,13.8483,12.9075,9.98749,9.14965,9.47386,5.95288,7.31787,6.58073,3.45504,4.20872,4.68637,2.5442,3.23119,2.43465,2.02895,3.44634,2.17095,3.10375,4.78254,
4.39173,3.98785,5.22389,5.40514,4.45995,3.56359,2.32359,1.62477,1.36055,1.54208,1.46534,1.5638,2.12973,2.00093,2.10365,1.94175,2.10287,2.11632,2.44342,2.84242,2.49389,2.04808,1.75143,2.72092,3.12179,4.60997,3.53843,3.33145,4.27396,3.10919,3.41365,3.41658,2.97107,3.04607,3.76552,4.12703,3.85023,4.07087,4.93494,4.91548,5.78639,6.64641,5.86255,5.37851,4.4303,3.63436,3.79799,2.88629,2.54758,2.67405,2.78671,2.58991,2.93006,2.94436,2.75962,3.21868,2.89638,2.81097,2.263,2.22093,2.41749,1.86413,2.75909,3.00391,2.59737,1.66908,1.72611,1.68276,1.30503,1.23706,0.985184,1.0857,0.686772,1.33522,1.41264,2.38939,2.56739,3.001,2.7454,2.80952,2.75595,2.09159,2.80578,2.41198,2.73148,3.04261,2.11461,3.61992,3.13554,2.84172,1.30749,2.56289,4.43211,4.81981,3.78158,4.57977,5.19237,3.72364,5.24743,1.83436,
4.39173,5.06791,3.77381,3.54099,4.26723,4.78381,3.93752,3.88546,3.40643,3.16276,3.68853,4.74138,3.65547,3.83795,3.56036,3.76824,3.05419,3.20513,3.52858,3.6018,3.40974,3.29821,3.58229,2.64722,1.81006,1.76188,1.52846,1.59374,1.44422,1.45644,1.96635,2.37033,3.35098,4.50329,4.32324,4.15882,4.04131,3.09816,2.38675,1.68367,1.59256,2.00878,1.66244,1.72744,2.39706,2.58653,1.79311,2.08162,1.48231,1.0331,0.983092,1.11481,1.37077,0.994568,1.03628,1.16568,1.09895,0.792916,0.499118,0.596577,0.809405,0.596173,0.748327,0.890312,0.865108,0.707534,0.706741,0.828732,1.05948,0.443189,0.377167,0.463216,0.364609,0.426645,0.285531,0.328443,0.264913,0.212602,0.12602,0.146931,0.194079,0.240325,0.232638,0.152061,0.108595,0.0257404,0.0322946,0.020028,0.00548068,0.00268118,0.000340711,4.05382e-05,4.3993e-06,9.12945e-08,6.0087e-09,4.585e-12,2.0515e-14,1.42904e-18,1.16639e-30,0,
4.39173,3.55855,3.24815,2.7322,2.35553,2.02653,2.01407,2.27408,2.28404,2.64694,2.37637,1.73259,2.20541,2.48838,2.12017,2.31505,2.65504,2.73502,3.14312,3.09908,2.872,3.24523,3.21499,3.5403,3.32043,2.65954,3.34021,2.62816,2.69239,2.34185,2.9192,3.11582,2.51372,2.49411,2.75695,2.91486,3.05891,2.73343,2.6083,3.58011,2.2128,1.4662,1.70537,1.13518,0.889196,1.32538,1.09494,1.17849,1.50204,0.883469,1.23902,1.17794,1.33349,1.10514,1.2692,1.20888,0.7068,0.68687,0.714235,0.707858,1.1316,1.35058,1.10484,0.72284,0.588382,1.36952,0.99666,0.696911,0.771301,1.21134,1.22168,1.14269,1.05211,0.799298,0.631318,0.491082,0.888511,1.12427,0.98527,0.939683,0.927849,0.72385,0.344639,0.389537,0.295028,0.203426,0.218684,0.282845,0.239372,0.055301,0.0111789,0.0048798,6.34299e-05,1.42916e-06,3.23546e-07,6.59528e-08,5.5344e-09,1.97282e-16,1.43703e-37,0,
4.39173,4.43125,4.25215,3.65414,3.80223,2.7552,3.09093,2.71869,2.36077,2.59964,3.09565,2.69518,2.99629,3.81729,3.77329,4.3038,4.17861,5.16265,5.01356,5.65227,6.35988,6.2531,8.05516,5.33724,5.74578,5.23344,4.99342,5.92659,6.25891,6.82503,5.79016,5.0457,4.78326,4.93062,4.52948,3.98305,3.79313,3.47651,3.31541,2.66947,3.05815,4.22501,3.01932,2.12899,2.68389,1.98785,1.74965,1.50911,1.59143,1.43241,2.09634,1.96885,2.30044,3.73627,4.75636,6.42674,6.69085,4.92668,7.20573,8.28649,7.0194,7.99831,6.75574,7.42336,8.63674,7.98102,8.15602,6.35498,3.85095,2.9017,1.8699,1.94475,2.58552,3.15559,1.62135,1.4926,1.2019,1.00689,1.26989,1.90614,1.55879,0.617729,0.328198,0.156486,0.0710614,0.048809,0.0259053,0.0533951,0.0553067,0.0466285,0.0878065,0.110595,0.101791,0.0162009,0.0071011,0.00533487,0.00468683,0.00375799,0.000601276,0,
4.39173,3.42235,3.67994,3.36993,3.53628,2.92574,3.27695,4.15861,3.9428,4.36284,3.72777,3.54707,3.47195,3.86922,4.39526,4.43581,3.48016,2.90934,2.96181,2.73823,3.09797,3.40737,2.75508,3.16491,2.8255,2.52597,3.21752,2.75014,2.87918,3.61708,3.53259,3.47869,3.77541,5.02971,5.51592,5.33514,4.50463,4.91834,4.73218,5.05497,4.33497,3.61308,4.39851,5.01698,6.70407,6.57141,7.76595,7.52031,8.62311,8.61746,7.84425,7.02384,7.86548,7.03914,5.7737,7.96339,11.6408,10.655,11.4034,13.1503,13.8267,14.4019,15.4577,15.7849,18.8469,20.7742,20.7413,20.9589,24.4907,25.5745,25.2482,25.8655,26.4377,29.8366,31.3992,35.1268,36.4577,35.7303,35.7115,34.9079,34.1625,30.9784,29.8638,31.282,31.2817,33.9231,34.5909,32.5751,32.807,36.4196,36.2952,40.7201,43.5011,42.4935,39.6312,40.3789,41.3831,42.2709,47.2163,45.6191,
4.39173,5.07901,5.15983,4.30068,4.46449,5.47193,6.05792,6.58221,5.78854,5.18303,5.82766,6.56899,5.20786,5.36275,4.90232,5.402,5.67224,6.13334,6.04367,5.25601,4.70966,4.92472,4.71726,3.73147,4.8846,4.97805,4.72437,4.29253,4.32517,4.71991,3.26805,3.35484,3.56448,3.68302,3.60797,4.62764,5.71198,5.17301,4.623,4.89861,4.45952,3.8602,3.29146,2.48772,2.80195,3.1725,1.75808,2.20579,2.48412,2.58965,3.18361,2.21326,1.73884,1.23556,1.19549,1.16097,1.32497,1.43229,1.15939,0.980586,0.887963,1.10914,1.10353,1.37927,0.870433,0.613334,1.08788,1.16967,1.04557,0.831148,1.23674,1.47704,1.02001,1.36588,1.77399,2.54155,3.64101,3.01984,1.60201,0.911193,0.401905,0.254508,0.402203,0.350911,0.477165,0.401946,0.436845,0.631423,0.427536,0.0895145,0.0212648,0.0112164,5.20861e-05,6.7045e-06,2.31029e-06,4.74994e-09,2.61069e-12,1.26192e-15,2.37932e-34,0,
4.39173,4.66694,4.14807,4.86134,5.16086,4.56483,4.95447,4.90595,3.83687,4.18421,4.19121,3.64753,3.63177,3.75136,3.60798,3.84024,4.18983,3.61267,3.31268,3.62807,3.29566,3.01991,3.29632,3.64581,3.94395,3.01011,3.47148,3.53648,3.36936,2.89294,4.35289,4.74985,5.77066,5.33882,5.40527,6.6601,7.17558,6.65039,6.31134,5.91464,3.72556,3.90315,4.72036,3.99161,3.44919,3.67171,4.56891,4.50885,5.50745,5.26805,5.85034,6.2114,6.24553,6.0083,5.54524,4.84538,4.16871,5.42615,4.7705,5.56522,4.27731,3.44372,3.26,2.75912,2.94889,3.61317,3.40212,3.26173,3.70753,4.26202,4.09173,3.85676,3.04721,3.44968,2.8357,2.40678,2.46535,2.68616,3.02601,4.15591,5.23215,5.34414,5.72195,5.94509,5.32412,4.81678,6.11843,4.87213,5.29873,5.62686,4.53517,6.00594,7.26392,8.63733,8.31236,8.7387,10.2023,11.4742,11.303,9.33097,
4.39173,4.74297,4.89668,5.28225,5.9756,6.30289,5.61451,6.0426,6.71475,5.97105,6.00701,6.70662,4.60778,4.22866,4.80631,5.31394,4.70779,5.46816,4.14986,4.36591,3.77683,2.72887,1.93827,1.60678,1.62921,1.77052,1.733,2.29647,1.76245,1.77726,1.1116,0.852902,1.23274,1.52439,1.01324,0.772836,0.651375,0.754888,0.509572,0.438605,0.396477,0.431184,0.428528,0.772679,0.484913,0.367476,0.465284,0.472017,0.71164,1.37766,1.3396,1.19056,1.21883,1.25428,0.775013,0.639973,0.653336,0.501194,0.389565,0.535239,0.501209,0.616218,0.682057,0.219808,0.113892,0.0760066,0.0984755,0.117192,0.0935753,0.0938422,0.097543,0.039335,0.0192281,0.0174974,0.0177763,0.0118625,0.00743729,0.0310474,0.0185747,0.00413656,0.00567243,0.00308163,0.00256265,0.00148762,0.0026723,0.00308563,0.00409527,0.00211764,0.00173473,0.00752933,0.0257391,0.0066095,0.00851436,0.0048705,0.00131663,0.000343705,0.000509822,1.15074e-05,2.57968e-09,0,
4.39173,3.75315,4.37848,2.70393,2.33993,2.38444,2.22471,2.39663,2.33938,3.14914,3.30168,2.81501,2.95367,2.24281,2.70333,3.47517,4.7869,3.36898,2.99,3.07934,3.16182,3.05773,4.3662,5.22215,6.16683,5.43872,4.97516,4.36094,4.32734,4.56127,4.01935,3.25493,3.92176,4.32082,4.1747,4.47106,6.39779,6.20643,5.82882,7.09848,8.28632,8.57957,8.82554,8.39071,6.91597,5.74594,6.84367,7.22708,8.11584,6.70866,5.67912,6.3956,7.9516,8.89139,8.24358,8.66416,10.2912,13.7896,12.1817,12.6758,11.5535,12.1845,13.7305,11.5299,12.5347,10.8226,10.1279,12.0098,9.1055,8.08062,7.07771,7.14351,7.85937,7.77022,6.18745,6.79749,7.94255,4.69849,5.00619,6.26665,6.94841,6.03989,5.80115,3.78847,3.62152,2.03854,2.79284,2.74879,1.33717,0.566133,0.122483,0.147564,0.193603,0.0593608,0.00151488,0.000294258,0.000136841,4.10216e-05,0.00414572,0,
4.39173,4.57721,5.48298,5.50045,4.55549,4.87408,4.19144,5.04344,4.53849,4.53537,4.08924,3.26947,3.45515,3.27817,3.31098,2.88155,2.26146,2.26995,2.03908,1.54887,1.29714,0.811344,0.640666,0.600422,0.564739,0.390929,0.393898,0.374869,0.300118,0.227169,0.106693,0.0934402,0.0902151,0.0726307,0.128851,0.136879,0.153412,0.198978,0.17919,0.278578,0.0955509,0.0619129,0.061607,0.054651,0.0961603,0.0503892,0.0719123,0.0703298,0.0279157,0.0146521,0.00663017,0.00764176,0.00453961,0.00558406,0.00391997,0.00367425,0.00180324,0.00391281,0.00227716,0.0015019,0.00212985,0.00376332,0.00152807,0.000819234,0.000106175,2.19042e-05,1.81161e-05,3.64457e-06,7.02464e-06,2.28959e-06,1.90988e-06,2.3738e-06,8.80155e-07,1.42376e-07,3.42967e-08,2.75436e-08,1.89363e-08,8.82118e-08,4.20574e-08,5.33209e-08,2.42547e-08,8.58647e-09,8.19402e-09,4.09143e-09,4.95026e-08,4.20011e-08,4.75585e-09,5.28193e-10,5.06304e-10,2.87238e-12,2.55646e-12,1.71166e-12,4.00684e-15,2.10516e-17,1.94208e-18,2.66798e-19,4.03101e-23,1.40126e-27,7.58607e-52,0,
4.39173,4.7464,4.43534,4.57551,3.94977,3.9891,3.68257,3.34038,4.48512,4.28261,4.94654,5.66383,5.64411,6.03621,5.49856,6.11483,6.57882,4.83154,4.66371,3.98859,3.9538,4.85533,5.19021,4.92866,4.4785,3.92559,3.61406,3.84733,2.24513,2.33218,1.83631,1.82734,1.93419,1.36697,1.25933,0.899014,0.938621,1.19975,1.10041,0.664356,0.72068,0.877408,0.857401,0.7622,0.555098,0.601792,0.62296,0.686911,0.464937,0.856596,0.820396,0.606757,0.628301,0.754434,0.758476,0.92063,0.835432,0.66592,0.633831,0.463477,0.374228,0.457853,0.621014,0.579612,0.497568,0.647711,0.552425,0.53888,0.848719,0.495142,0.409411,0.14727,0.0361147,0.0225896,0.00966189,0.02095,0.00482833,0.00671855,0.00391577,0.00295847,0.00346079,0.00052981,0.000497543,0.000676733,9.95419e-05,1.3542e-05,1.20873e-05,9.0716e-05,3.63429e-05,1.98057e-06,6.7439e-06,1.17712e-06,6.10883e-07,1.0596e-08,2.90958e-09,8.17942e-12,1.46253e-13,7.3339e-20,3.20812e-34,0,
4.39173,3.29764,2.8741,2.28938,2.56973,2.34072,1.98802,1.90979,2.40332,2.28404,2.89282,2.74824,3.38528,3.39299,3.63706,3.52218,3.82081,3.70279,4.41395,4.31949,5.30638,6.16998,6.6058,5.32379,4.30443,4.90962,5.03512,5.18413,4.11135,4.32249,3.98252,3.90914,3.74365,3.51626,3.54869,2.95629,4.02751,3.54739,3.00589,2.85493,2.77474,3.33591,2.83168,2.44567,2.09207,2.53597,4.38216,4.81972,5.79516,5.23894,5.91963,7.35111,8.73185,9.60424,8.2939,8.57607,10.4311,8.55924,9.30709,9.8388,11.2509,11.9115,11.2265,9.40251,10.3708,12.7524,11.3778,13.1326,12.9695,13.016,12.0198,11.593,10.1807,11.9139,9.24011,10.0206,11.0049,11.0528,13.3864,9.95749,9.50777,10.7847,11.4434,12.8083,12.9235,9.94832,10.3117,10.1381,12.4143,8.83707,9.54597,10.3983,9.69402,10.9689,9.88668,9.91743,8.46679,8.82047,10.3846,9.00927,
4.39173,4.33165,3.10197,3.76164,3.59423,4.33901,4.42485,4.45865,4.3046,3.5045,2.3463,2.00378,1.67088,0.975882,1.33057,1.41177,1.70689,1.62567,1.75069,1.38144,1.32976,1.45371,1.54834,1.11974,0.94451,1.11457,1.11973,0.619386,0.593574,0.417882,0.373188,0.275525,0.362791,0.329621,0.492266,0.541213,0.859715,0.945203,0.841725,0.59274,0.614465,0.418456,0.387587,0.429076,0.669796,0.464951,0.714676,0.891932,1.25252,1.60051,1.72276,1.21848,1.39717,1.26264,0.540896,0.309782,0.552159,0.467568,0.255436,0.352879,0.371959,0.363927,0.149341,0.105979,0.136382,0.0616574,0.0521665,0.0475654,0.0549055,0.0620111,0.100516,0.0976967,0.0956516,0.0847409,0.0706449,0.0470667,0.0321749,0.0366374,0.0165623,0.0106138,0.0166021,0.0234086,0.0109259,0.0120464,0.00465883,0.00145207,0.00153146,0.000120856,6.09216e-05,1.37379e-05,1.15695e-06,2.05645e-07,2.88488e-07,1.40368e-07,2.03928e-07,8.49456e-10,4.52725e-11,3.53437e-15,9.94767e-23,0,
4.39173,3.67887,2.08929,1.51682,1.35339,1.2075,1.32727,1.43512,1.81209,1.86552,1.61357,1.49782,1.79864,1.67279,1.74407,1.76776,1.67059,1.90048,1.52894,1.31424,1.22084,0.937732,0.769344,0.769083,0.653654,0.587488,0.453286,0.565909,0.339723,0.359538,0.445898,0.490786,0.499509,0.341134,0.191782,0.166316,0.1087,0.0560682,0.0594863,0.0883269,0.116136,0.0947558,0.054976,0.0671253,0.0662246,0.0473777,0.0424722,0.0198028,0.0180409,0.0180641,0.0142922,0.0146133,0.0317886,0.0394962,0.023087,0.0363586,0.0413144,0.0234395,0.0154357,0.00964711,0.00548764,0.00302487,0.00460032,0.00559316,0.00267429,0.00358626,0.00337588,0.00968803,0.0171353,0.019113,0.0164573,0.0253091,0.0188443,0.0384911,0.0326583,0.0223426,0.00709328,0.00266342,0.00183073,0.00201028,0.00112276,0.000651676,0.00238048,0.00238191,0.00348831,0.000922387,0.00176086,0.00227057,0.00477931,0.000520661,4.29433e-05,7.75151e-06,3.16247e-07,6.69847e-08,4.27473e-08,1.08546e-09,2.00095e-11,1.51898e-17,1.33716e-35,0,
4.39173,5.25289,6.03716,4.72376,4.52955,4.11338,4.21797,3.73241,3.12477,3.53061,2.58996,3.16582,3.11972,2.71229,2.25974,2.42113,2.72823,2.953,2.28041,2.44996,2.36828,2.19383,1.96617,2.45734,2.524,1.73214,1.74051,1.55162,1.69805,1.23267,1.26259,0.931683,0.527225,0.375886,0.390176,0.547168,0.578693,0.441554,0.519046,0.214785,0.186398,0.237153,0.0949879,0.057107,0.061962,0.126552,0.201482,0.434533,0.576642,0.443196,0.202636,0.191954,0.25261,0.22408,0.241446,0.175237,0.192529,0.316757,0.187372,0.237043,0.220287,0.34315,0.21507,0.240275,0.239054,0.325477,0.38093,0.307232,0.244447,0.142291,0.146438,0.169603,0.148094,0.14709,0.0845299,0.0515526,0.0609267,0.0589951,0.175029,0.119017,0.135835,0.0783254,0.110352,0.165487,0.233511,0.124148,0.130292,0.11526,0.0947419,0.132205,0.144397,0.0743898,0.0277961,0.0218808,0.0689412,0.0122116,0.00455743,0.00190882,1.39168e-05,0,
4.39173,4.30108,4.27501,3.3326,3.09412,3.58709,2.78589,2.78722,2.56154,3.12239,2.70927,2.69238,2.10106,2.34633,2.42125,2.829,3.53697,3.36322,3.61747,2.88588,2.7508,2.5858,2.24813,2.24064,2.34498,1.89285,1.38135,2.07878,2.02099,1.78076,1.62878,1.19464,1.50186,1.44572,1.37379,1.24807,1.21921,1.38481,1.7151,1.66877,2.12604,2.40935,2.93643,2.30544,1.87424,1.42985,1.48762,1.11093,0.938343,0.636983,0.899254,0.651567,0.763609,0.746587,0.765941,0.735688,1.02716,0.886285,1.07184,0.640711,0.459001,0.357085,0.495366,0.318095,0.161462,0.0874058,0.0884659,0.0502664,0.112268,0.0438263,0.00936974,0.00358063,0.00302811,0.00432869,0.00857257,0.0147915,0.0154414,0.00746794,0.00547156,0.00893826,0.00326542,0.00104778,0.00815829,0.00769364,0.00428339,0.00312904,0.00482755,0.0126098,0.00585993,0.00573148,0.0120764,0.00560606,0.00169441,0.00873571,0.000839022,0.000255457,0.000108178,6.0992e-07,1.64959e-11,0,
4.39173,4.32962,5.35205,6.0318,6.41481,6.95942,8.23771,6.45902,6.44665,6.11127,6.56412,6.93494,7.26622,6.3459,6.68441,7.41472,8.15298,7.61175,7.1861,7.78983,7.43233,5.29378,5.47329,4.70781,4.31917,4.36074,4.82718,5.31864,5.59321,6.64056,5.12665,5.45645,3.54167,3.13893,3.23301,3.30529,2.26285,2.18803,1.84885,1.66791,1.49347,1.28576,1.26249,1.20102,1.03508,1.27391,1.28634,1.29716,1.38241,1.36036,1.49044,2.1252,1.58838,1.26279,1.06185,1.05455,1.19163,1.38416,1.08742,1.95569,1.64103,2.25921,1.46793,1.87978,1.35277,1.32946,1.17716,0.778413,0.868146,0.385704,0.643595,0.632322,0.321029,0.211003,0.159341,0.119872,0.0556749,0.0475786,0.0776449,0.0287147,0.0948675,0.0591808,0.113209,0.0610186,0.0303766,0.00871061,0.00614131,0.0120112,0.000757626,0.00218692,0.0061173,0.00570056,0.0168493,0.000416946,0.000291138,0.000206471,3.4864e-08,9.2632e-20,6.15843e-39,0,
4.39173,3.78477,4.13125,4.09787,3.85129,4.32089,4.54159,4.84601,3.83251,3.87155,5.44012,6.11246,5.90494,6.42378,7.10887,6.45094,5.64917,5.20775,5.56397,4.75783,5.11491,4.37392,4.5248,5.12827,3.7276,2.98797,3.91714,3.1941,3.07171,3.10863,2.74715,2.6997,2.50657,2.62013,2.35838,3.10127,2.75577,2.93593,2.87803,3.26478,2.97816,3.03953,3.47377,2.51469,2.43253,2.10133,2.23367,2.46996,3.61269,4.49294,5.20497,6.4965,6.97606,5.94969,6.25445,7.19672,6.75561,5.49703,4.37282,6.03402,7.11175,7.44127,8.3044,8.36707,7.31047,6.31889,6.48062,5.30673,5.56058,5.87401,8.18591,7.54832,6.05066,3.78083,2.37294,3.91039,4.3665,4.33509,4.5225,5.62583,5.09094,5.02576,6.95213,9.08447,10.0133,9.536,8.64663,7.96445,7.16391,6.61595,4.08882,5.11346,5.06701,5.85394,3.65061,3.85586,3.42769,4.28473,4.04024,2.51007,
4.39173,4.72247,4.79157,5.03813,3.47442,2.90009,2.15052,2.3287,2.0758,2.29131,1.82187,1.85423,1.70083,1.83431,1.42802,0.951518,0.968519,0.916967,0.943463,0.646547,0.385482,0.397373,0.270807,0.253879,0.373841,0.453726,0.53269,0.593585,0.532521,0.57553,0.278656,0.253059,0.181514,0.141181,0.256116,0.122519,0.180848,0.188869,0.14878,0.166847,0.276888,0.311035,0.262165,0.432253,0.535561,0.563241,0.704966,1.02523,1.2361,0.855508,1.42202,1.07441,1.43023,0.894633,0.722374,0.768373,0.367053,0.465572,0.541134,0.283858,0.42582,0.480309,0.362059,0.144225,0.152506,0.0808706,0.0752437,0.0629882,0.0546623,0.0220748,0.0264893,0.0153863,0.00643555,0.00543301,0.00535142,0.00645668,0.0101296,0.0231313,0.0398325,0.0114612,0.00676593,0.000399524,0.000157884,0.00013168,5.96367e-05,2.51932e-05,5.50471e-06,7.28617e-05,5.25272e-05,1.39704e-05,6.25946e-06,9.33273e-07,4.92998e-07,1.28783e-08,2.60762e-11,4.25937e-16,6.36129e-24,2.9271e-37,2.42145e-70,0,
4.39173,4.41832,3.74514,3.35518,3.12799,2.73199,2.71894,2.01552,2.50929,3.07076,2.76057,2.78465,2.94272,2.55464,2.13042,1.81229,1.34542,1.58064,1.69588,1.93859,1.96142,1.24116,1.00199,0.848914,1.21016,1.26556,1.07743,0.8467,1.05369,1.14969,0.874614,0.738811,0.850164,0.881917,0.758115,0.93034,1.15361,1.28947,1.74484,1.45407,1.71078,1.24881,1.09286,1.04606,0.947519,1.33112,1.3801,1.46789,1.26154,1.22168,1.15894,0.891097,0.871057,0.657635,0.632288,0.427564,0.935939,1.13597,1.14093,0.753171,0.536059,0.650713,0.698182,0.716309,0.724004,0.690685,0.786031,0.822366,1.10287,1.37849,1.05787,0.469959,0.357517,0.110968,0.0374015,0.0544935,0.0872805,0.0339876,0.0436918,0.0391682,0.0232143,0.0238431,0.0293137,0.0464624,0.0183366,0.0145141,0.0289493,0.059122,0.153367,0.0608405,0.0455691,0.107353,0.158925,0.0724634,0.012672,0.0396514,0.0134023,0.00333622,0.0215888,0,
4.39173,3.91097,3.98862,4.06722,4.80925,5.37977,6.55509,5.70282,4.97841,5.72001,5.57715,5.81908,6.65625,7.08325,5.14985,4.71292,3.80302,3.74826,4.01471,5.27541,4.57956,5.651,5.12651,5.54259,4.89459,4.99167,6.50896,6.81841,6.13555,6.06562,6.07207,7.67221,8.63848,8.34926,9.54155,13.4638,16.1374,16.0894,15.966,15.2133,15.4358,14.5608,13.5827,15.1894,15.8035,15.9465,16.9374,18.9382,18.4975,17.8892,19.2423,20.2628,22.3774,21.0599,20.447,20.756,20.8276,22.0047,25.0611,24.7608,26.9856,25.2569,26.5437,26.7911,22.3296,21.7472,22.1464,21.8533,22.3158,26.2522,28.2409,26.653,27.6397,24.4566,25.6091,25.4584,27.5275,28.6692,31.6091,31.838,29.1543,28.2246,27.6469,24.8236,23.517,23.3923,22.8937,26.3652,23.1002,24.0633,23.4516,23.4494,22.7481,21.4824,20.7082,18.4772,16.884,12.1334,12.7608,14.968,
4.39173,5.07607,5.74475,7.25318,6.83613,6.15202,5.73662,5.74408,6.35879,6.091,7.01669,7.08505,6.80561,7.86948,8.59473,7.4656,8.6671,8.77834,6.93306,6.68952,6.18694,6.21827,7.95656,4.70809,3.86701,4.56132,5.14348,4.41345,5.31453,4.62253,5.81212,4.7058,4.55204,3.77329,3.42756,3.8986,4.10609,3.10434,3.65815,2.97276,3.22463,2.39171,2.48702,2.67268,3.40285,4.21042,4.38526,5.55204,5.03686,4.54974,5.39594,5.79139,6.04526,6.05637,6.32341,6.23598,6.76811,5.64965,7.63756,7.29252,6.5937,5.733,6.85016,6.19999,8.88176,10.6208,10.4807,13.5128,14.1533,17.595,20.3802,24.5617,28.7801,31.4061,33.297,33.1007,34.804,31.4392,29.8134,31.4537,33.2182,35.8474,36.5085,35.236,35.3552,35.6366,38.6502,39.8299,43.5312,43.2551,43.4335,42.7065,43.1872,46.7778,47.4859,47.4799,48.751,52.4791,55.9794,55.8971,
4.39173,3.52796,4.4115,4.44237,3.71159,3.23684,4.061,4.18216,3.9331,4.99786,4.06947,3.54841,5.00056,4.16786,4.2014,3.52847,2.49283,2.91264,2.84025,2.59896,2.59401,2.47076,1.53849,1.31394,1.04437,1.1006,1.20511,1.33226,1.1807,1.15684,1.26543,1.29228,1.05589,1.39435,1.18622,1.60984,1.24872,1.11777,0.960696,0.765087,0.960516,0.855147,1.00629,1.26983,0.681523,0.854363,1.18783,2.05466,1.75543,0.909952,1.08859,1.05943,1.09004,0.991847,1.48567,1.00733,1.05404,1.884,2.17177,1.66081,1.5667,1.10414,0.878969,0.851255,1.10126,0.960819,0.802689,0.942554,1.03285,1.06175,2.10492,1.60566,1.34404,1.05865,1.34689,2.32967,1.3324,1.3974,1.32674,1.45479,2.82586,1.46503,1.87873,2.08145,2.5987,2.69453,2.17491,4.75188,6.04306,7.20695,5.32838,3.44158,2.48501,1.63095,1.43063,0.710557,0.958501,0.302248,1.49343,0.0287218,
4.39173,4.78063,4.40586,3.86512,5.06892,6.68174,6.9094,7.76658,8.03443,7.57952,7.94502,7.56153,6.46015,6.52728,4.74209,4.83159,5.08518,3.9671,4.20332,4.97031,5.39544,4.3497,6.39302,7.28705,6.53767,8.48344,8.75385,9.68718,9.12692,9.40217,8.01299,7.15726,6.67799,5.98186,5.66549,7.97872,10.2638,11.7013,9.92706,9.10628,11.7153,8.75623,10.2001,11.3279,12.5952,11.0152,12.1056,8.39904,8.33814,9.06316,7.79721,8.00911,10.4024,10.5917,13.0168,13.1035,10.4414,9.75375,7.22887,7.83639,6.80768,7.35855,5.03366,5.30223,4.72882,4.11867,2.98858,1.1826,0.913011,0.845176,0.68311,1.04115,0.700667,0.604276,0.406016,0.404886,0.230084,0.180797,0.172313,0.0425657,0.0247543,0.00864261,0.00526295,0.00230544,0.00354767,0.00624401,0.00890689,0.0089368,0.00763142,0.00182816,0.00162231,0.00279176,0.00364759,0.000397683,0.000109549,5.60585e-05,5.0896e-05,8.62786e-08,1.94926e-13,0,
4.39173,4.89261,5.40213,5.40616,5.70423,4.97981,5.73795,6.11586,6.48464,6.14185,4.6722,4.46275,4.01715,4.27689,5.17188,5.31894,5.86426,7.17149,6.6887,6.70854,7.03341,6.26706,6.28858,6.12537,6.56394,7.99147,7.08601,7.01513,8.22956,8.33666,8.64296,7.93611,6.25631,5.61038,5.9014,6.25646,8.2885,7.53351,7.99674,6.24903,5.64222,5.27954,4.17034,3.48572,3.46408,3.46942,3.7129,3.54805,4.05051,4.37113,3.72462,4.65055,4.54571,2.97168,2.89221,1.98274,1.75319,1.61307,1.37918,1.05272,1.40105,1.08619,0.792107,0.694867,0.583508,0.604311,0.488162,0.409799,0.702134,0.991584,0.968202,0.542771,0.565991,0.581357,0.40495,0.172325,0.108863,0.051704,0.0259095,0.00357427,0.00118158,0.0031756,0.0025306,0.00344791,0.00916124,0.00162752,0.000437283,0.000231742,0.000112452,0.0001034,5.38878e-05,2.46939e-05,5.30721e-07,1.24479e-07,1.32247e-07,9.03987e-09,3.46495e-08,3.74781e-12,2.56556e-23,0,
4.39173,4.80817,6.02166,5.47552,5.74282,7.13704,6.07958,5.45934,5.19633,5.19268,4.29798,3.27675,3.83344,3.20129,3.29709,3.57768,2.83501,2.92732,2.98028,2.7603,2.44577,1.67187,1.94541,1.71472,0.911387,0.671354,0.560904,0.405076,0.370795,0.39658,0.262828,0.218489,0.173519,0.144597,0.126844,0.0730594,0.0468073,0.0613994,0.100561,0.163119,0.145098,0.29827,0.317864,0.231012,0.267326,0.189308,0.259983,0.204441,0.274643,0.310607,0.23049,0.200002,0.169881,0.135435,0.104496,0.0628249,0.0631445,0.0733826,0.0491151,0.027421,0.0384295,0.0209652,0.022244,0.0273227,0.0125315,0.00584241,0.00966256,0.00366604,0.00336206,0.00174042,0.000463265,0.000292396,0.000245402,0.000337224,8.9368e-05,0.000217026,0.000123347,4.2967e-05,3.896e-05,0.000107295,5.70975e-06,6.8583e-06,1.81194e-05,5.0889e-06,3.33996e-06,1.01307e-06,1.62974e-06,3.9211e-07,1.2425e-07,1.5207e-07,4.9234e-09,1.4737e-10,3.26355e-13,2.17351e-13,1.34506e-15,5.25201e-17,1.72058e-22,3.92324e-34,9.74769e-76,0,
4.39173,4.03391,4.15525,3.1109,1.97663,2.06225,1.7454,3.02769,3.0762,3.08702,2.41204,2.43782,2.97491,2.28934,2.04519,1.70499,0.842894,0.528563,0.527082,0.580321,0.693204,0.759315,1.19384,1.61056,1.67012,1.76624,1.44039,1.72951,1.98272,1.62675,1.69827,1.67833,1.72774,1.65537,2.12565,3.32937,3.48493,3.70694,4.0491,3.45643,3.58383,3.72858,2.93748,3.41999,2.46872,2.3011,2.09455,2.68097,3.1646,3.45243,3.79348,2.8863,2.57497,3.14264,3.47943,4.54344,4.39068,3.85065,2.53596,3.06217,2.9415,3.35529,4.08205,4.88559,6.00758,6.8438,4.70753,5.72219,4.5373,3.21944,3.00036,3.2033,3.26067,4.73542,4.42251,3.53654,5.27762,4.25168,3.67393,4.41543,2.49859,3.54018,4.60467,3.36477,3.94075,3.46824,2.28176,2.73628,2.26643,1.30653,1.64069,0.896872,0.795736,0.725283,0.453952,0.239097,0.383353,0.177817,0.0334521,0,
4.39173,3.89457,3.82755,3.8629,3.67682,3.46465,3.76565,3.24888,3.42087,3.08389,3.82395,2.92356,3.08922,2.43637,2.35224,2.81916,2.51866,2.35957,2.23634,2.69328,3.45755,3.75562,2.79668,2.08801,1.87993,1.99516,1.95593,2.35047,1.63235,1.14235,1.31918,0.93847,1.20568,1.05667,1.24613,1.36193,1.05466,1.12239,1.32509,1.20027,1.65828,2.09261,2.04302,2.16368,2.13326,2.49134,2.98463,2.577,1.78172,2.27484,2.47315,1.73016,1.81855,1.54514,1.3094,1.64104,1.42067,2.0504,2.89038,4.0246,4.19564,3.75185,3.41087,2.73026,3.9412,4.33942,5.41776,4.15364,3.92263,3.67667,2.91548,2.03744,1.91973,1.01223,1.21647,0.945365,0.61626,0.477607,0.675455,1.56523,1.3959,1.70386,1.52467,1.6822,0.841042,0.868423,0.820406,1.11301,0.573341,0.332034,0.263806,0.118637,0.0213725,0.00368869,0.000268717,0.000114623,6.38413e-06,2.35578e-08,1.16057e-18,0,
4.39173,3.69446,3.49653,4.46917,4.04239,3.74913,4.2805,3.84622,3.98291,3.07022,3.7415,3.90092,4.13077,5.33455,5.5276,6.43976,5.62562,5.28741,4.99508,4.06668,4.30978,4.25216,4.51919,3.97049,2.99901,3.8517,3.21237,2.735,3.10659,5.26102,5.20253,5.49084,4.53879,3.83112,3.78267,3.44683,2.79472,3.10995,3.08519,2.92639,2.70843,2.83012,3.47377,3.93865,3.85259,3.75673,2.22557,2.23737,1.98515,2.77329,3.0658,3.1462,2.1885,1.79406,2.37019,2.34074,2.26186,1.68027,1.56512,1.02691,0.571183,0.283526,0.407214,0.411166,0.263363,0.118979,0.0745423,0.0582409,0.0553991,0.0668344,0.152418,0.154653,0.107326,0.0907816,0.192622,0.220039,0.151993,0.265157,0.159732,0.15598,0.0835216,0.208827,0.372927,0.375716,0.548506,0.534042,0.458476,0.21069,0.365946,0.0996002,0.175235,0.139529,0.0694454,0.121727,0.106738,0.0267274,0.0056116,0.000111802,1.19608e-05,0,
4.39173,3.80351,4.60383,3.76397,2.99968,3.21079,3.38791,2.50003,2.36276,2.32178,1.92078,1.50993,1.83779,2.76068,2.94777,3.70483,4.60104,4.8761,4.80119,4.1627,2.53208,1.76061,1.74249,2.15549,1.89621,2.67965,2.47669,2.80521,2.22303,2.15425,2.66383,2.40886,1.94667,1.83584,1.91731,1.73081,1.32812,1.24326,0.925533,1.10143,0.710962,0.679232,0.689427,0.528875,0.515344,0.580985,0.434064,0.395373,0.39425,0.412675,0.338267,0.275343,0.32752,0.296336,0.305048,0.189811,0.114044,0.083646,0.041114,0.0295482,0.0224291,0.0329172,0.0151767,0.0181239,0.013891,0.00774245,0.0118887,0.0166435,0.0177349,0.0107268,0.00523945,0.00410355,0.00319261,0.0143117,0.00376963,0.00174962,0.0028095,0.00266381,0.00274244,0.00150087,0.00122783,0.00161394,0.00243168,0.00224991,0.00662689,0.017726,0.0524309,0.0392137,0.0177705,0.00558194,0.00310261,0.000368821,2.31906e-05,9.30405e-07,1.03939e-08,3.37493e-09,8.75604e-11,2.76576e-19,8.1561e-39,0,
4.39173,4.56482,5.15091,5.08072,4.80827,5.797,6.15184,6.95506,6.81005,6.59687,7.15725,8.49413,9.03813,8.68319,8.91509,7.75715,8.3291,7.95149,7.09221,8.67866,8.23522,8.89306,8.60139,10.3036,10.4137,10.1217,8.43679,10.4449,11.5546,14.4058,14.225,15.7734,13.9593,14.5661,13.8569,15.4122,13.2877,8.95024,8.80912,7.69092,8.23201,8.08141,9.04438,8.26987,6.82998,3.96918,3.4702,2.63675,2.89843,2.31836,2.09131,1.29383,1.30853,0.798562,0.578616,0.431834,0.436708,0.632792,0.364958,0.480699,0.4039,0.621329,0.650496,0.648913,0.822727,1.43865,1.69235,2.22338,1.9265,1.56129,2.0438,1.16598,0.841174,1.16823,1.2205,0.909259,0.88213,1.05099,0.878875,2.69021,2.60862,4.15268,3.57335,4.2187,3.90947,4.96471,3.51436,3.81585,2.24354,1.85811,1.50741,1.03163,0.4826,0.377571,0.14686,0.125443,0.079029,0.120382,0.136682,0,
4.39173,3.90885,3.19738,3.49486,2.65041,2.05269,2.60799,2.82306,3.28027,3.76208,4.38135,4.50624,4.3984,4.30344,5.44752,5.20823,4.44974,4.91792,5.88332,6.50614,5.98883,5.04241,6.51568,7.37658,7.28832,8.59297,8.73971,8.3235,7.35067,7.84636,8.25949,6.73331,7.27397,8.72028,11.5831,13.6912,12.8928,10.9478,11.0111,13.5806,12.0181,11.677,11.0687,10.9316,10.2183,8.79441,9.15009,10.2692,9.89764,10.9239,10.1222,10.6313,9.64571,8.33488,7.50098,7.12319,7.66747,9.30583,11.1184,12.1052,13.2161,16.5372,15.9565,15.37,15.6728,16.5232,15.4994,17.4814,15.6377,15.534,16.2872,16.4314,16.5934,17.3956,16.4134,15.6246,12.5296,10.6472,10.7511,11.5725,9.4633,10.9367,8.50257,7.22772,7.31485,9.86858,8.84122,9.69453,8.10499,8.72145,9.93991,8.05548,7.23728,8.22854,5.31242,4.68097,4.54196,5.61587,6.07227,4.38086,
4.39173,4.11248,3.97481,4.59842,4.97985,6.01164,6.83607,7.95526,8.6804,8.72555,11.0507,9.17989,9.63083,8.17691,8.72265,9.43987,9.43471,10.4265,9.94752,11.722,12.5177,14.9138,12.691,12.3311,13.5229,13.0237,13.0731,13.0787,11.1888,8.89514,8.67004,9.51314,10.5033,9.94982,8.5949,8.83427,8.19385,10.2586,12.7224,12.5995,11.3582,11.3127,10.0974,11.1176,13.1041,13.4849,12.978,15.2276,15.3659,16.3491,14.0469,13.8646,14.2011,13.9399,14.0008,13.9593,12.7957,11.6867,12.2893,9.97501,10.2579,11.9544,14.1848,15.8326,14.6091,13.5709,11.5719,12.8007,12.8994,12.2207,10.7891,8.466,8.35188,7.22538,6.466,7.18461,5.70123,5.22339,4.95227,5.68222,6.63369,4.67219,2.637,2.03479,1.86395,0.654673,0.491297,0.503672,0.350786,0.115101,0.113324,0.0244442,0.00786951,0.00868539,0.00187582,0.00222649,0.0094027,4.23031e-05,6.62174e-15,0,
4.39173,3.97891,4.87894,5.92856,4.72859,4.99366,5.98047,5.06889,5.57416,5.19578,4.50226,4.66067,4.48239,4.49928,5.23382,5.31983,5.0969,5.48215,6.6269,6.5818,6.63142,6.66227,7.6679,9.17347,7.34212,9.16566,7.24997,7.26859,6.424,5.31969,5.38608,5.57285,5.02855,4.76919,4.73157,4.73272,5.15287,4.75183,4.65209,5.44006,4.93475,4.32756,4.60846,5.41454,4.35621,4.28777,4.87065,4.36522,3.61706,4.35504,4.20542,3.86682,3.57848,3.74665,4.76275,3.91108,4.21063,5.23995,4.35109,4.57653,4.34497,4.63923,5.13228,4.96476,5.62836,5.78009,5.58264,6.1663,6.30343,3.91346,3.10914,3.34432,3.29062,2.8608,2.08452,3.01003,2.05642,1.52647,1.76358,1.97192,1.61404,1.34842,1.34289,1.30835,1.16506,0.39114,0.227274,0.242114,0.110928,0.302371,0.464088,0.183355,0.164847,0.0266649,0.00114936,0.00278666,8.71999e-05,1.53715e-06,6.20478e-13,0,
4.39173,4.55386,4.06088,4.40586,4.74244,4.89779,5.27494,5.16676,4.22205,4.88792,5.39346,4.43247,3.77572,3.71543,3.01068,2.87346,2.78456,2.31956,1.54966,2.33699,2.21623,1.63986,1.99143,1.60434,1.12899,1.9406,2.41703,2.89407,3.31285,3.45625,3.29399,3.25511,3.80827,4.16171,4.36527,3.50352,2.46831,2.59423,2.4822,2.20089,1.72581,2.17567,2.26227,2.01986,1.5003,1.51979,1.16097,0.970877,1.00796,1.11809,1.39532,1.66266,0.841643,0.37154,0.654786,0.663456,0.611538,0.75575,0.681554,1.1191,1.53858,1.74314,1.37144,1.49024,1.34683,1.66315,1.79047,1.4175,0.921697,0.584852,0.364419,0.497481,0.450867,0.550474,0.896494,0.890453,0.490276,0.864996,1.0603,0.662927,0.711149,0.48959,0.803161,0.896672,1.09095,0.885123,0.575039,0.153419,0.0588609,0.066431,0.0579721,0.00597773,0.000980869,0.000734177,1.15264e-05,1.66648e-07,7.95177e-09,7.53305e-12,7.11553e-25,0,
4.39173,5.13048,4.63437,5.48008,6.38364,5.93309,4.9501,4.4104,4.36934,4.47204,4.27608,4.22588,3.51214,3.37871,3.20524,2.62577,2.72839,2.50382,3.11443,2.16667,1.85887,2.06472,2.31062,2.49369,1.77905,2.21098,2.9223,3.03333,2.19437,2.17846,2.59531,3.59894,3.74635,3.37049,3.26685,2.75458,2.7601,3.20235,2.85693,2.28569,2.08776,2.20195,2.40032,2.03921,2.51232,1.8294,1.92315,1.82106,1.63138,1.09531,0.931418,0.965862,1.25479,1.99936,3.29496,1.87604,1.61976,1.38095,1.13287,1.7677,1.73368,2.05345,1.91028,1.50536,1.4515,1.58031,1.37194,2.08762,1.32469,0.715327,0.755558,1.05969,0.999248,0.817246,0.530729,0.503105,0.544158,0.313785,0.495749,0.1868,0.0935934,0.0674111,0.0887896,0.0758229,0.0626055,0.0190185,0.01563,0.0122225,0.0159332,0.0184206,0.00357332,0.0118699,0.00817468,0.00951566,0.00212205,0.00405091,0.00394793,8.03519e-05,7.94673e-12,0,
4.39173,4.95362,4.89744,3.46145,3.77654,4.67367,4.27204,3.40705,3.32097,2.1781,2.53492,2.47462,2.8583,2.74395,3.06138,3.07718,3.23157,3.388,3.10713,3.49322,4.49104,3.96211,3.56961,3.82347,3.4258,3.1985,2.82426,3.28164,3.70741,3.83454,4.04076,2.47789,1.94896,2.90174,3.76443,3.22253,3.18559,2.47185,2.68333,2.34567,2.15628,2.02852,2.17949,2.72177,1.92902,1.38226,2.50653,3.94586,3.85562,3.3614,2.95927,3.73291,3.05768,2.42456,2.4872,2.61821,3.17411,3.28305,2.57211,2.89894,3.75812,4.65371,5.07572,3.93416,1.93593,2.67173,2.31194,3.6162,4.69,4.62853,4.60596,5.98015,5.87688,6.3591,7.17067,7.70674,10.7982,11.3378,11.3454,10.5896,10.6995,10.0949,8.41016,9.50986,10.2378,9.96173,9.98773,8.1926,6.11109,5.09575,8.16165,6.96029,8.57987,7.78934,11.3185,10.3564,12.0498,11.065,12.1332,13.9867,
4.39173,3.48427,3.00571,3.96083,4.04311,4.60287,4.63473,4.20158,4.52999,4.63069,5.222,5.13414,5.43895,3.58807,3.14099,3.52409,3.54548,3.45836,3.29245,2.59823,2.05904,2.44734,2.40259,1.6873,1.76625,1.3859,1.60291,1.48668,1.3596,1.20632,0.911704,0.86561,0.532855,0.517414,0.624842,0.53225,0.477562,0.455881,0.428132,0.5051,0.55165,0.620047,0.834418,0.913662,1.01893,1.26184,1.54906,1.81693,1.54582,1.8271,1.49818,1.04274,0.65164,0.608104,0.83015,0.692396,0.578041,0.50084,0.584642,0.579027,0.289468,0.388834,0.504513,0.340134,0.372421,0.613448,0.542121,0.269066,0.365499,0.297364,0.133007,0.0858528,0.0529515,0.0291106,0.0282699,0.0255222,0.0109827,0.0131069,0.00844289,0.0039352,0.00233638,0.00287424,0.0016309,0.00138236,0.0021379,0.000674412,0.000267559,4.94654e-05,0.000213213,0.000564877,6.40561e-05,1.66516e-05,1.05941e-06,2.55831e-07,2.27144e-09,1.0708e-13,4.73653e-18,3.14797e-33,2.09091e-74,0,
4.39173,3.36008,4.21079,3.92429,3.49352,2.69974,3.32381,2.81106,2.57341,2.60926,2.63702,3.02546,2.76907,2.95895,3.18504,3.1452,2.94249,2.19398,2.35572,3.01606,3.17135,2.93,2.65071,2.9555,3.18255,3.49801,3.29996,3.2234,3.61172,3.80171,4.48162,4.54186,5.19663,5.78831,6.06885,6.51875,6.9623,6.61475,7.76005,7.24448,7.64517,8.64464,7.585,7.59946,7.56089,7.25742,6.21926,5.68062,5.26005,4.78487,6.14745,6.27161,7.12401,7.69644,9.12245,10.0541,11.0662,9.20436,10.9034,11.0274,12.6003,11.1645,9.96831,11.3691,10.9588,12.2155,13.0556,14.1361,14.1803,13.3469,12.1387,11.1576,11.6705,11.3785,13.7826,12.9129,14.8638,14.9452,14.4324,13.8447,12.272,12.314,11.8664,13.5353,15.9846,15.4621,13.7748,12.9825,11.3761,11.6388,12.6175,10.9483,6.01456,5.85033,4.8879,5.83181,6.90963,5.82156,6.87791,5.41127,
4.39173,3.74292,4.14966,4.48796,5.09726,4.18349,4.30345,3.60681,3.35882,3.16428,3.37072,3.47626,3.06971,4.01973,2.90001,3.14061,3.2493,4.73616,3.84077,3.98742,3.24086,2.41301,1.40258,1.38139,1.42184,1.14582,1.44525,2.11465,1.72956,1.38699,1.22542,1.41422,1.23011,0.872993,1.01481,0.797392,0.713865,0.975589,0.926881,0.869259,1.07033,0.934718,0.805868,0.862729,0.680736,0.762663,1.05795,1.25431,1.46577,2.0867,2.22167,2.04523,1.68575,0.853204,0.899639,0.650209,0.573404,0.329444,0.30191,0.503464,0.448855,0.449424,0.427055,0.440648,0.28636,0.274321,0.285564,0.381297,0.296555,0.341741,0.517424,0.285011,0.232256,0.183716,0.0884102,0.168682,0.123281,0.0855043,0.110347,0.141208,0.284543,0.138032,0.105939,0.042978,0.0285305,0.0626155,0.0615765,0.0533514,0.00561076,0.0027144,0.00165357,0.000258909,2.60448e-05,3.84391e-08,1.13071e-09,3.33111e-12,1.18798e-20,5.90819e-32,2.8923e-62,0,
4.39173,4.44184,3.79272,2.94549,3.83041,3.28931,2.72844,2.28023,2.27368,2.81396,3.0592,3.92038,5.24766,6.52223,7.19543,8.47394,9.07539,7.67864,7.10935,7.48384,7.42712,6.71161,5.91469,5.38925,6.59962,5.91971,7.2308,7.5253,5.81916,5.80731,6.10754,7.69964,6.9203,6.50788,5.40976,6.28779,6.20916,6.38651,5.10827,4.68522,5.33385,6.63987,6.30043,4.98326,4.16656,2.77058,1.94554,2.04589,2.36898,2.39876,2.03329,1.57019,1.31068,1.22103,2.33486,2.59884,2.26795,3.40096,3.8232,3.17058,2.88743,1.94915,2.67146,2.41491,2.37832,2.45814,2.59891,1.75101,1.70051,1.29376,0.99421,0.817252,0.968119,0.789912,0.982604,1.39204,1.49882,1.43826,1.32502,1.13788,1.12542,1.43955,1.99377,0.867718,0.841218,0.846332,0.59053,0.490431,0.214788,0.180122,0.0347571,0.00443223,0.00458308,0.00946035,0.00057153,0.000310136,6.04609e-06,6.1821e-11,1.73497e-21,0,
4.39173,5.63814,8.2537,7.87698,7.67922,8.06338,7.43437,7.51029,8.80324,8.22435,7.35928,7.26643,7.78701,8.26144,7.78377,8.67759,8.62502,7.74737,7.09527,8.01793,6.41689,6.33562,6.35768,6.28898,4.91967,5.5745,5.72347,6.65596,5.91334,6.33793,6.30229,5.54702,5.11756,5.6203,5.81671,4.88057,5.44894,5.54621,5.80352,4.58544,4.28052,5.56812,4.74626,5.30035,6.32221,5.1122,5.50043,5.79541,6.72074,5.15542,5.64804,5.52369,8.28844,8.42469,9.45534,6.82657,5.70433,6.43208,6.13614,6.58272,6.3538,6.30255,7.15628,5.01303,6.70982,4.97055,4.89274,4.55939,3.54523,4.73907,3.19709,3.41182,2.30655,2.05319,2.42281,2.8697,3.01164,1.93727,1.61412,1.19082,1.18111,1.26817,0.584812,0.425225,0.523568,0.541806,1.00755,1.26833,1.4835,1.3663,1.60683,1.32109,1.24382,0.899859,0.845724,1.07785,2.58924,2.01556,1.55579,0.0686154,
4.39173,3.98148,3.2861,2.93393,2.84053,2.67288,2.2588,1.79453,1.41583,1.07962,1.26416,0.985251,1.10897,1.09209,1.11192,1.03548,0.728287,0.783871,0.514374,0.534435,0.53979,0.51743,0.532027,0.525834,0.476938,0.449476,0.660972,0.487133,0.556286,0.544091,0.639964,1.05434,1.14389,1.601,2.03439,1.52615,1.3054,1.261,1.22807,1.33444,1.42941,1.13239,0.997464,0.631341,0.597225,0.385015,0.375229,0.157542,0.12791,0.170794,0.0580601,0.0663592,0.088298,0.111015,0.0785235,0.126851,0.14415,0.0940918,0.0497082,0.0350888,0.0135044,0.0227489,0.0269707,0.0682444,0.0523617,0.0490126,0.0478303,0.0386523,0.0300048,0.0302545,0.0125378,0.0154972,0.0161268,0.00672374,0.00196061,0.00265301,0.00191021,0.00176756,0.00243953,0.00310784,0.00137579,0.000161204,5.46711e-05,3.78761e-05,2.39486e-05,4.11198e-05,0.000220742,0.00152821,0.000629126,0.000410409,0.00095171,0.0003137,5.55563e-05,5.12329e-06,9.18429e-08,1.12642e-10,7.62794e-13,6.62569e-20,2.42862e-38,0,
4.39173,4.6706,3.93587,3.75266,3.62857,4.2692,4.35341,4.68331,3.29334,4.05792,3.38734,3.09599,3.56581,3.79572,3.99586,4.33974,4.89879,6.26509,4.53458,5.70778,3.61363,4.42479,5.31569,4.41194,4.82934,4.80952,5.18962,5.48534,4.98836,4.89419,4.35494,3.3003,2.48265,1.83549,1.35819,1.45393,1.79698,1.85275,1.79033,1.41071,1.47405,1.52713,1.06513,1.2268,1.1366,0.931926,0.907886,0.715322,0.755645,0.797206,0.518226,0.693807,1.0164,0.799739,0.870612,0.725207,1.01484,1.03781,1.40555,1.25049,1.34665,1.64833,2.25035,1.89276,1.49062,1.2884,1.20352,0.843849,1.14223,1.55402,1.62452,1.90505,1.18175,1.21977,1.14974,0.956307,1.19548,1.25556,1.3441,1.34747,0.714205,0.709237,0.780275,0.993885,2.15382,1.99213,1.6505,2.0796,1.45519,0.676627,0.440614,0.410812,0.592739,0.30034,0.400626,1.33916,0.991821,0.131685,0.0147966,0,
4.39173,4.64141,4.85415,4.22338,3.55015,3.49186,3.55246,4.80574,4.92979,4.98328,5.55086,5.62375,5.3784,5.26885,3.54546,3.43858,3.915,4.38462,5.14783,5.00257,5.28747,4.80165,4.20656,3.76334,5.16889,5.25178,4.65701,5.15859,5.31704,6.83698,7.22734,7.00431,8.93009,8.3955,7.77366,6.08761,7.30846,6.09431,6.10083,5.80895,6.09347,5.84643,4.31759,3.72921,2.8751,3.0777,3.52589,3.07747,3.15399,2.15036,2.03697,1.57409,1.78979,2.75119,3.83335,2.60367,1.00072,1.27687,0.986893,1.16355,0.881931,1.17353,0.695485,0.532039,0.459873,0.313806,0.26662,0.118028,0.128119,0.0939198,0.0798894,0.115753,0.100587,0.10827,0.112906,0.029551,0.0482172,0.012998,0.0106402,0.00503892,0.00132757,0.00121026,0.000237878,8.02904e-05,1.41916e-05,1.70714e-05,4.63723e-05,1.90339e-06,1.9461e-07,1.12922e-09,4.59428e-08,2.60222e-09,3.08098e-12,1.12324e-14,4.68617e-16,2.37005e-19,2.01672e-27,1.22108e-40,6.63208e-70,0,
4.39173,3.99566,4.92311,3.93718,3.745,3.22144,2.54184,3.66042,5.10717,4.8856,5.20433,5.93036,4.61324,4.24903,5.40043,4.39858,5.14009,5.64721,6.0037,8.02538,6.31532,7.00485,5.42144,4.55608,5.47599,5.41124,4.82107,6.03585,4.22822,3.63248,3.47683,3.57883,2.60194,2.70736,2.65108,3.87964,2.74798,1.87503,1.49061,1.21538,1.52669,1.63524,1.67296,1.92197,2.53342,2.43472,2.89567,4.13365,3.46167,2.44546,3.04401,2.41451,2.04425,2.1189,1.96477,1.89071,2.61198,2.86948,2.57085,3.72094,3.36128,3.69877,3.23176,3.32672,2.60736,2.89087,2.54967,2.21475,2.81792,2.80563,3.77117,4.26474,4.19644,4.62215,4.25779,7.31267,5.76489,5.6782,5.44471,5.23612,4.67993,3.69221,1.9503,1.38766,1.65834,1.27776,0.61364,0.670632,0.71445,0.457116,0.789239,0.416714,0.251666,0.136355,0.230131,0.195604,0.108525,0.0967545,0.00346265,0,
4.39173,4.02932,4.06365,2.69699,2.27135,2.05035,2.18873,2.31453,2.85969,2.94707,2.18518,2.28833,1.9556,1.83491,1.13727,0.791978,0.643775,0.833774,0.643924,0.766571,1.03338,1.35818,1.43655,1.14819,1.12216,1.15602,0.967362,0.903531,0.488738,0.545544,0.444059,0.295245,0.324093,0.483685,0.580205,0.871589,0.658649,0.58319,0.566902,0.621224,0.81623,0.778924,0.719559,0.969509,1.09561,1.28025,1.05094,1.2485,1.32004,1.30843,0.824984,0.697286,0.458874,0.36122,0.322913,0.355447,0.332837,0.557263,0.565303,0.720813,0.660445,0.351753,0.34683,0.437188,0.281626,0.182644,0.303228,0.21595,0.345911,0.168919,0.132481,0.155463,0.249191,0.271465,0.250724,0.165946,0.171243,0.233011,0.172289,0.359459,0.709633,0.669185,0.552389,0.445286,0.244581,0.444294,0.482622,0.345997,0.0907129,0.0689291,0.0165696,0.00648432,0.00464325,0.00171076,9.11562e-05,0.000382787,9.55117e-05,7.55364e-06,2.36061e-15,0,
4.39173,3.84996,3.07289,2.82821,2.32504,2.5047,1.85083,1.03059,1.02982,0.902166,0.8738,0.685733,0.477902,0.528194,0.460667,0.520401,0.44832,0.38839,0.27692,0.277081,0.259408,0.345688,0.404557,0.294789,0.323721,0.211349,0.174675,0.290186,0.251183,0.271459,0.259309,0.172366,0.147057,0.149037,0.108333,0.11655,0.0823348,0.0653305,0.0910795,0.0947906,0.108504,0.120313,0.189382,0.214865,0.136189,0.094014,0.133066,0.258167,0.349219,0.475175,0.274226,0.238562,0.177997,0.236459,0.225629,0.257501,0.306317,0.474951,0.849611,0.755904,0.592764,0.594897,0.614152,0.428943,0.312358,0.311033,0.303907,0.377661,0.542031,0.624343,1.07103,1.30078,1.84646,2.17346,1.50528,1.33797,1.49208,1.76685,1.54451,1.84584,0.814625,0.395886,0.28777,0.382121,0.31329,0.382838,0.157345,0.202869,0.250478,0.143527,0.0389317,0.0403998,0.0164569,0.00281476,0.00596706,0.0760782,0.0111142,0.000337836,3.27543e-10,0,
4.39173,4.01671,3.71944,4.14846,4.30957,3.22772,3.38504,3.69974,3.42535,2.83316,2.2318,1.99723,1.70378,1.22781,1.66996,2.00309,2.26545,2.16999,1.95556,2.40004,2.26141,1.59567,1.63685,1.52775,1.83387,1.55434,1.52817,1.59217,1.44845,1.12497,1.64279,2.08645,2.00216,2.38621,1.85104,1.57041,1.93128,2.04427,1.7198,1.16498,1.22145,1.21249,0.971595,1.77927,1.19013,0.670407,0.595054,0.31125,0.211591,0.105957,0.147347,0.196206,0.190682,0.236526,0.243358,0.247826,0.155357,0.189713,0.250101,0.264655,0.308835,0.248185,0.283612,0.153083,0.072921,0.0671632,0.0897032,0.0529097,0.065811,0.0404637,0.0220063,0.00918006,0.00341587,0.0027816,0.00128149,0.00103535,0.00104787,0.00107002,0.00100494,0.00110402,0.00219695,0.00163482,0.000585964,0.000213739,0.000198188,0.000195019,0.000156642,6.06365e-06,4.53912e-08,3.62896e-08,4.0554e-08,1.47649e-08,1.17126e-09,8.25455e-12,1.28431e-13,6.43479e-15,6.8264e-19,6.23634e-31,1.0328e-57,0,
4.39173,4.1583,3.06059,3.17216,1.92048,1.96268,2.10361,2.49492,2.27649,2.02673,1.8495,2.09421,1.95087,1.87322,2.33802,2.12833,1.79927,2.01184,1.94377,1.59199,1.7806,1.88997,2.2051,2.36047,2.52265,2.37882,1.74256,1.20315,0.924623,0.903513,0.596211,0.531651,0.314845,0.246419,0.396112,0.417647,0.36619,0.249886,0.173504,0.153907,0.182043,0.202307,0.175841,0.31052,0.233477,0.156109,0.0925799,0.0554498,0.0407182,0.0915011,0.0501667,0.0552081,0.0682404,0.121423,0.134924,0.236929,0.257448,0.299066,0.195492,0.078616,0.150553,0.162123,0.13191,0.0631814,0.0727162,0.0376022,0.0347641,0.0391693,0.113686,0.125896,0.276226,0.356895,0.483005,0.779943,0.910129,0.806052,0.811333,0.850813,0.473333,0.102124,0.0503931,0.0536096,0.0232351,0.00536587,0.00248738,0.00456179,0.000675561,0.00064679,0.00143326,0.000907378,0.000853459,0.000133089,2.73036e-05,6.75862e-06,1.06245e-05,0.000254733,0.000232609,1.03048e-05,2.52295e-14,0,
4.39173,4.09829,4.6996,4.56077,3.55951,3.19921,3.74548,4.35735,4.34702,3.0569,3.3885,3.69705,2.62423,1.7681,1.50949,1.33587,1.47281,1.00628,1.05825,1.04807,0.849335,0.933867,1.00185,1.08198,1.25529,1.44408,1.44815,1.23831,1.31788,1.38259,1.71728,1.84353,1.22764,1.55069,1.89075,2.14553,2.50288,2.67786,1.75935,2.15902,1.89232,2.06659,2.06895,1.67322,2.5024,2.09405,2.86238,3.65031,2.94177,3.33625,2.37594,1.67283,0.99833,1.39578,1.08767,1.56805,1.48258,1.66162,1.89161,2.64881,1.84697,1.29531,1.19977,1.09994,0.744408,0.681127,0.690607,0.872351,0.458522,0.379379,0.574823,0.530373,0.482185,0.334112,0.190167,0.243786,0.423809,0.258688,0.27114,0.0895217,0.0574674,0.0363496,0.0426257,0.034577,0.0241643,0.0312698,0.0374679,0.0133886,0.00721789,0.000865749,0.000697872,0.000271465,0.000261981,5.51889e-05,3.23793e-06,8.51897e-09,1.87893e-12,1.93449e-15,1.54535e-28,0,
4.39173,2.85876,2.86725,2.57881,2.19876,2.02986,1.59777,1.39363,1.22593,1.34364,1.8252,1.29452,1.32074,0.884077,1.05299,0.954088,0.944888,0.887039,0.791849,0.916207,0.667599,0.838914,0.660653,0.640167,0.946151,0.92616,0.844525,0.78363,0.50863,0.723241,0.442162,0.271388,0.158488,0.0803409,0.0512486,0.0555273,0.0486544,0.0392792,0.0387712,0.0248046,0.0371707,0.0236815,0.0215494,0.0244134,0.0164945,0.0131537,0.0104181,0.0111462,0.00382556,0.0021128,0.00231783,0.00152783,0.00163872,0.00213993,0.00272044,0.00179267,0.00194672,0.000814849,0.00133764,0.00102479,0.000562916,0.000172065,2.77597e-05,1.63095e-05,2.65465e-05,2.95545e-05,1.33534e-05,2.68372e-05,1.6943e-05,5.03924e-06,2.40932e-05,2.25492e-05,1.28117e-05,7.60491e-07,2.29722e-08,2.63361e-08,2.5808e-08,7.06587e-09,2.33631e-08,3.00878e-08,1.02574e-08,8.37249e-09,2.30904e-08,1.24009e-08,8.1869e-08,1.877e-09,8.97739e-11,5.31342e-12,9.31026e-13,3.14486e-14,7.45097e-20,3.22458e-22,4.53068e-23,2.50818e-25,1.52309e-31,4.00577e-38,3.79895e-47,8.05855e-64,2.01098e-128,0,
4.39173,5.18011,6.20442,5.82757,5.50005,4.44139,5.10735,5.47545,6.36353,6.45937,6.38773,5.93116,5.88395,5.52054,7.32492,7.11938,6.70465,6.73942,6.35919,6.3242,4.63876,5.16003,5.44079,5.53164,6.87086,5.7555,4.38035,3.70674,4.34272,3.4495,3.82458,4.82742,5.30898,3.41113,3.3764,3.52191,3.29252,4.08124,2.37233,2.29677,1.60146,0.9696,1.22073,0.533709,0.546654,0.619555,0.582036,0.61796,0.486434,0.667423,0.92415,0.767639,0.679868,0.616517,0.555372,0.558089,0.625177,0.672026,0.659372,0.811726,1.1763,0.774023,0.856976,0.555908,0.522156,0.811372,1.07476,0.854815,0.945523,0.674223,0.463318,0.448337,0.305981,0.413223,0.272191,0.228393,0.221058,0.22101,0.144988,0.135706,0.061618,0.0182246,0.00683392,0.00361559,0.00390841,0.00214307,0.00174171,0.000343847,0.00013889,0.000232114,4.66891e-05,1.02036e-05,1.68863e-06,9.78442e-07,1.78728e-08,1.75761e-09,5.37257e-12,2.67454e-17,1.08334e-39,0,
4.39173,3.94911,4.09565,5.04514,3.88949,2.81029,3.05193,2.72682,3.58832,3.97881,2.92808,2.74306,2.30537,2.69854,3.46166,3.50427,3.72571,3.80678,3.10185,3.11518,2.72456,2.62248,2.97347,3.73162,3.12184,2.87828,2.71332,2.31857,3.23604,4.35109,3.61739,3.12745,3.55417,2.99518,2.50244,2.50635,2.39665,2.30026,1.77587,2.35248,2.00262,2.01615,2.33022,2.61768,2.00849,2.51934,2.39536,2.53517,2.62712,2.35681,2.17672,2.15991,2.37612,2.08873,2.86297,1.83693,1.42078,1.33773,1.21656,0.720758,0.600608,0.59655,0.562819,0.546829,0.443258,0.46992,0.136518,0.0718065,0.0701832,0.0886248,0.126993,0.152041,0.347307,0.19731,0.299679,0.46469,0.587246,0.739607,1.17663,0.691651,0.541167,0.561607,0.780949,0.462444,0.160919,0.113019,0.0824837,0.0285652,0.0274391,0.01833,0.0129221,0.00192698,0.00401701,0.000852288,0.00330953,0.000187987,1.23542e-07,1.27724e-09,4.24479e-20,0,
4.39173,3.77051,4.62656,5.72825,4.76105,4.79269,5.08116,5.67389,4.35187,4.17003,4.19808,3.93093,3.76493,4.28859,4.97767,5.75281,6.43752,5.81181,4.29907,4.36404,3.88805,3.73789,2.18947,3.1614,2.48505,2.12407,2.09516,2.00424,1.74091,2.09507,1.66163,1.22297,0.987677,1.20138,1.25082,1.2805,1.37471,0.731513,1.10702,1.34512,1.77129,1.39107,2.03837,1.50156,1.55268,1.37016,2.15067,2.3478,2.9519,4.00361,5.09123,6.50254,6.36633,5.96882,5.74135,6.19746,6.26202,5.49904,6.60642,7.02981,8.74398,7.78555,5.85428,5.21038,4.66173,6.095,7.03509,8.72289,4.93426,5.05109,4.47299,3.43494,3.82682,4.34658,3.96627,5.34954,3.53653,3.0367,2.36167,3.31593,3.51783,3.61604,2.10969,1.1587,1.46149,1.11573,1.24724,0.607898,0.898718,0.741576,0.699869,0.66355,0.139201,0.0523029,0.0140308,0.00130549,5.08394e-05,0.000284032,6.40048e-10,0,
4.39173,4.20114,4.13583,3.82678,3.7971,3.18805,2.84048,3.13523,3.2871,4.46006,4.68247,4.86309,5.02397,4.50215,5.20775,5.72149,6.22969,6.02772,7.52799,7.00313,7.74399,8.12226,8.27079,8.12395,7.95981,8.30563,9.77329,9.88815,9.84855,9.19932,8.08342,7.79354,8.82287,9.80635,8.45273,7.83725,9.76133,9.62942,8.63961,9.80261,8.60705,8.61706,8.64359,10.6237,10.8304,11.7649,11.3022,10.2737,10.5997,8.19322,7.51814,7.51779,7.4047,7.60192,8.50438,8.44189,7.01422,7.01706,8.45808,6.46208,4.77698,5.8313,3.33967,3.8155,3.72366,4.495,4.39715,5.03221,8.2523,8.74828,6.95891,8.11731,7.80448,6.13012,6.94987,6.68426,8.7655,8.31222,11.3383,10.7395,10.9978,10.6969,12.5792,11.8013,11.7441,9.46066,12.462,12.2977,11.1393,9.75636,7.97613,6.56246,4.00356,2.47761,2.28978,0.991643,1.03783,0.208356,0.527836,0,
4.39173,4.84252,3.71017,3.92871,4.17717,3.73963,4.49244,3.58002,3.17363,4.33822,5.45415,6.60646,6.95074,7.07535,6.06767,6.94937,7.27374,6.98766,6.63522,5.63823,5.12461,6.01074,7.22988,7.972,7.74499,7.72108,6.94338,4.76771,3.79741,2.73579,2.38015,2.67394,2.05842,1.98443,2.11065,2.73474,2.77573,2.95424,3.06683,4.3721,3.27166,3.28459,3.62789,4.39285,5.33819,6.63305,5.82473,5.99351,6.88522,6.8214,5.24494,6.00953,5.04962,7.70033,8.40613,6.69514,5.06967,6.7287,6.0389,6.8951,7.35844,6.20867,4.28957,3.87268,3.7648,4.94432,3.15695,3.4456,4.11875,2.67495,2.40924,1.95456,1.80189,2.11059,1.66948,1.11058,0.496829,0.365481,0.184561,0.130845,0.375804,0.326608,0.504324,0.481114,0.350191,0.315699,0.444898,0.182335,0.169023,0.275643,0.138548,0.202903,0.143616,0.208726,0.236226,0.019127,0.831348,0.334832,0.0364207,0,
4.39173,4.42236,4.52196,5.02667,7.23741,7.22347,9.36398,7.90147,7.94521,6.20042,5.66247,6.9712,7.01096,7.42473,7.67998,8.50046,8.71653,10.4718,10.9555,10.3197,10.5912,9.845,9.12542,10.1826,9.63696,10.7996,8.09813,8.90616,7.3066,6.95345,6.5709,6.51193,8.62798,7.70142,7.71918,8.81826,8.00575,6.54675,6.51096,4.86256,3.73387,3.9626,4.70156,6.6113,7.33514,7.08609,7.56991,6.06782,5.62057,6.81163,5.0715,6.27417,6.73631,6.01387,7.29032,5.27189,5.16139,4.25743,3.72848,4.62331,3.10369,4.43634,4.21298,2.53535,2.35027,3.26084,3.04216,2.33989,2.37151,2.40965,3.57775,3.44054,2.72643,2.25253,1.36309,1.41806,1.4694,1.64049,1.56556,1.22899,1.90132,1.95357,1.78599,1.84772,1.12956,0.469179,1.95102,0.924036,0.302754,1.24058,1.88613,2.38544,2.56296,3.68194,4.72261,4.02201,6.5334,5.3392,4.10029,4.60109,
4.39173,3.80425,3.55316,2.92415,3.16768,3.51323,3.22701,2.87208,3.52277,3.66659,3.10867,3.12288,4.2783,4.32529,3.90145,4.24555,3.97837,4.02544,3.05172,3.20043,2.92051,2.66011,2.72417,2.95661,3.12071,3.27528,2.73917,1.7181,1.26978,1.18354,1.21007,1.64215,2.19695,2.18653,1.90653,1.74731,1.39787,1.0524,0.704947,0.743429,0.77006,0.612497,0.391246,0.361026,0.442688,0.697575,0.61072,0.704764,1.1988,1.17444,1.12425,1.63161,1.10072,0.854222,0.576029,0.519731,0.616944,0.534739,0.443593,0.407585,0.285338,0.160262,0.105521,0.101208,0.166088,0.317231,0.423,0.453822,0.331054,0.242671,0.153291,0.095789,0.089738,0.0651179,0.165652,0.378613,0.479757,0.333705,0.0973347,0.0797354,0.0672408,0.0427736,0.0644596,0.090647,0.12149,0.281286,0.568307,0.256329,0.255308,0.0624132,0.0379072,0.0299161,0.100204,0.0359666,0.0388372,0.00107248,6.36317e-05,6.24813e-09,3.57078e-14,0,
4.39173,4.45886,4.78201,3.48944,3.53841,3.6156,3.06853,2.82061,2.9008,3.52375,3.28107,2.79468,2.71786,3.60984,4.41841,4.98675,6.15713,6.7343,4.85081,5.24207,5.2318,5.3016,5.32238,5.3076,5.44374,4.96663,5.91351,5.02037,6.1026,6.79994,6.61138,8.00339,9.14426,8.00575,5.56757,7.37652,7.66146,7.52985,7.56663,8.2967,9.0929,7.90807,9.99546,10.7612,11.1573,13.9651,13.4075,11.5618,13.7217,14.1016,15.0954,15.5389,13.3427,12.2068,10.1929,9.72627,8.93572,9.33236,8.4328,8.59506,7.30144,6.79246,7.12083,7.5464,8.97393,11.1008,11.8916,10.2815,10.8484,11.8247,13.7907,11.8409,10.6215,11.0819,12.7898,12.8256,8.55353,9.25891,8.78611,7.20573,9.46115,8.09562,6.0885,7.24307,5.83677,3.14616,2.42134,1.7454,0.98002,0.420196,0.305035,0.196587,0.19732,0.156319,0.17269,0.0156391,0.0123021,2.82464e-05,6.64877e-12,0,
4.39173,3.3709,5.22644,5.29794,6.15536,5.76709,5.79727,4.98644,4.88888,4.19406,4.38466,4.35693,4.70821,3.32038,3.90858,3.96481,4.3165,3.76033,4.13427,6.14624,7.42273,8.65928,9.28188,9.78396,8.51755,8.78263,9.93836,9.84156,7.83683,9.00751,9.03176,7.67767,6.64805,5.34358,4.31488,4.54731,5.93084,6.99659,5.69314,4.493,4.42923,2.96537,3.18511,3.04651,3.28551,2.9381,3.70838,5.04082,4.31996,4.27152,3.69083,3.99022,4.1869,5.2138,5.1291,6.14246,7.57442,6.36554,8.66645,8.96554,8.48226,9.39499,7.64753,8.83518,8.04161,9.74602,10.6757,12.2188,11.1805,11.905,13.7905,15.3219,15.4534,16.4241,20.0671,20.428,20.3991,19.4395,20.721,19.4582,22.2298,21.5352,19.7791,20.3978,19.4745,15.6647,13.3778,13.026,15.572,17.354,16.1092,17.9402,14.7232,13.5913,13.9801,10.7416,12.8016,10.8608,9.94682,9.12787,
4.39173,5.01836,5.16107,4.43861,4.31695,3.91337,4.48296,4.48525,3.41608,4.08016,5.35877,5.49187,6.35231,6.37348,6.15277,4.45966,4.38766,4.44822,6.01005,7.08211,7.77685,6.00388,7.63986,6.53133,6.64715,7.4511,7.70942,9.35107,8.27703,8.5611,8.06204,7.242,8.80153,9.15071,9.18937,9.67484,8.75588,12.3305,12.7591,15.6783,16.2924,18.2275,18.8534,15.347,16.0894,16.9279,16.203,14.8974,12.9096,12.847,15.5007,15.0712,17.9477,16.5635,18.131,15.9329,15.5853,13.4006,15.1429,15.2217,15.2475,17.8259,17.2575,21.7748,22.1312,24.7205,24.508,25.5628,26.174,25.2668,25.6951,25.7506,25.1248,24.3254,25.646,22.3945,24.1727,20.3593,24.1563,24.293,26.8329,27.8725,27.6806,26.2002,26.788,28.1533,30.9714,29.2974,30.8572,31.5136,32.4771,32.7492,35.5723,35.3445,32.9213,28.1889,32.7514,35.7035,38.7964,39.5756,
4.39173,4.1664,4.50326,5.40736,5.60035,6.32488,5.89361,4.58971,4.7783,5.39981,6.14202,5.84654,4.85722,5.40937,4.7783,4.53777,4.74219,4.53116,4.39404,4.30014,3.75063,2.9139,2.11658,1.72165,1.82991,1.60441,1.79044,2.26109,2.40329,2.39188,2.49833,3.48372,2.88453,3.17727,2.63518,2.16339,2.20978,2.06556,2.04444,2.44816,2.41752,1.99076,1.34638,1.35956,1.78101,1.47195,1.52014,1.17618,0.727469,0.523912,0.475124,0.398955,0.500985,0.558827,0.572153,0.460954,0.361593,0.236833,0.470249,0.397404,0.622015,0.581502,0.801601,0.850201,0.935012,0.901696,0.608824,0.804582,0.849924,0.82137,0.602748,0.498251,0.753786,0.653453,0.721071,0.488333,0.723225,0.582328,0.855247,0.508523,0.312569,0.115845,0.0752553,0.213739,0.134878,0.0742062,0.0318223,0.0480353,0.0575884,0.174681,0.110237,0.165824,0.175649,0.0187493,0.008641,0.0114614,0.0187389,0.115681,0.0439893,0,
4.39173,5.22882,5.9821,5.84146,6.20694,4.51097,5.01125,3.30631,3.09747,4.17539,4.22031,3.96494,3.56746,3.17603,3.37927,3.09486,3.32784,4.17046,4.2014,5.25424,5.47832,5.48722,6.1087,6.6169,7.42019,7.77509,6.70904,8.43299,8.71343,8.23382,8.30922,9.02197,7.66995,9.34042,8.33802,6.17956,5.80837,6.12429,6.96764,7.39034,7.22895,6.01299,6.56024,5.47712,4.24517,5.23456,6.039,5.6667,5.63141,5.44281,4.79356,4.28111,3.12934,3.1303,3.88605,4.08967,5.34641,5.32694,6.26249,6.36693,5.5304,4.27224,4.83951,3.94627,5.26907,6.26769,5.80371,4.44083,3.66581,5.22556,4.5151,5.32026,6.22695,4.3686,4.20164,5.10553,3.67417,4.01908,2.7663,4.20384,2.90431,3.2193,3.47332,2.22767,1.86757,1.42744,2.34757,1.93393,2.38732,0.847493,1.36903,1.74669,1.94398,2.88722,3.49598,1.1505,1.28296,3.31275,1.50621,0,
4.39173,3.87261,4.23803,3.85654,4.33196,5.05053,5.25458,7.52888,7.13159,7.42819,7.55057,7.55767,8.2608,9.49412,8.57622,8.54332,7.62958,7.65938,8.12585,7.59017,6.17708,5.38234,5.10764,6.16553,5.85168,5.34138,5.46823,4.93349,5.50211,6.74962,6.47802,7.2031,7.47074,8.33709,5.88156,4.98634,4.13071,3.354,3.0566,3.25855,2.92167,3.49252,4.49169,4.06227,4.90864,5.78219,5.36789,5.05449,5.61541,6.03864,7.85117,9.03209,9.74251,7.2532,5.79118,4.4406,5.4658,4.82382,4.88144,5.71785,5.30774,5.04776,5.41959,3.16747,3.49471,4.07636,3.76141,3.03047,2.23514,0.814184,0.675957,0.514733,0.388261,0.442527,0.49653,0.645788,0.660249,0.408044,0.383936,0.15692,0.258212,0.0996749,0.104315,0.0326506,0.031221,0.0312771,0.0421159,0.0245795,0.0106697,0.0040271,0.0288146,0.0156722,0.0062405,0.0154313,0.000536562,0.000116518,1.88451e-05,3.62093e-07,2.80056e-13,0,
4.39173,4.2138,3.1505,2.59463,3.11021,3.29338,2.99118,2.13107,2.18437,2.23277,2.0598,1.7705,1.98621,1.28659,1.38788,1.21199,1.1758,1.69501,1.4257,1.40829,1.1544,1.03007,1.472,1.01583,0.832289,0.945898,1.35644,1.25766,1.34106,1.1559,1.06782,0.970015,1.36826,1.3176,1.63972,1.45121,1.41768,1.66654,1.22992,1.35496,1.50517,1.80234,1.85357,2.4885,2.45019,1.69621,1.7433,1.25046,1.17014,1.14649,1.31325,1.76682,1.81114,1.99981,1.74066,2.42884,2.46959,2.56252,2.99896,2.836,2.82981,3.63756,3.12028,3.01466,2.88539,1.4824,1.72467,1.67604,2.12273,2.67537,3.12272,5.64721,6.57325,6.63473,8.08711,9.28716,8.68292,8.56273,8.84712,9.10753,8.65053,11.1639,12.3403,9.64313,9.50522,9.24467,9.34909,9.66573,7.74667,5.78595,5.72348,4.75046,5.05259,5.65621,8.40754,10.0538,10.4003,10.9651,14.5143,16.0039,
4.39173,2.95016,2.55135,2.26009,3.07214,3.4937,3.84798,4.13492,3.8586,4.2829,3.78865,2.73806,3.18876,3.97996,3.5771,3.09661,3.15469,2.41134,2.24803,2.38322,3.0825,3.56617,3.64254,3.03829,3.55923,4.19559,4.55991,4.51931,4.84017,5.3415,3.98223,4.21318,3.7184,2.81749,2.9584,3.60436,2.83237,2.61636,2.87686,3.34122,4.27028,4.04616,4.04942,5.7033,7.3664,5.6593,5.24185,4.77545,5.11057,4.40703,5.1256,5.02208,5.30887,4.46067,4.08714,5.17119,5.05679,4.85629,4.57428,4.63901,6.37828,5.44241,4.5652,5.23234,4.43762,6.44607,7.01458,7.9424,9.03471,9.4023,9.52399,7.71325,5.44828,5.68519,3.83973,3.61566,2.32541,2.32778,1.83691,1.15049,0.661434,1.02324,1.51201,1.68807,1.55949,0.650913,0.797882,1.824,0.760634,0.805887,0.784856,1.42183,0.461684,0.0567653,0.0926641,0.124855,0.35493,1.29455,0.0684538,0,
4.39173,4.06484,4.90379,4.78144,4.10619,4.21419,4.06748,3.15282,2.61537,2.51332,2.36476,2.90555,3.17258,2.97534,3.12275,2.77293,2.30925,2.02025,1.78441,2.47619,2.5342,3.02061,2.6974,2.43672,2.54317,1.96552,1.57229,1.79199,1.13886,1.08131,1.03132,0.752541,0.75422,1.00863,1.19498,1.88153,1.27992,1.84079,1.71332,2.15385,2.15528,2.3394,2.1341,1.89618,1.5523,1.31225,1.3791,1.30241,0.84974,0.632154,0.676735,0.791523,0.81043,0.474655,0.5039,0.676638,0.725642,0.689504,0.373627,0.324759,0.155847,0.161713,0.165545,0.242334,0.238087,0.200224,0.0980464,0.210044,0.196612,0.0678645,0.0145504,0.00490966,0.00576196,0.00587969,0.00263577,0.000932568,0.00243722,0.00534362,0.00206232,0.00172867,0.000554375,0.00019416,3.29766e-05,2.38608e-05,1.59658e-05,3.97485e-05,5.75621e-06,4.118e-07,2.62745e-08,1.53555e-08,1.81272e-10,1.72678e-11,8.03818e-14,1.06037e-15,8.60368e-21,3.04236e-22,4.69969e-25,3.63401e-37,4.75006e-62,0,
4.39173,4.73947,4.16401,3.7146,3.56138,3.23126,2.6098,3.43714,3.32366,3.30174,2.87769,3.11862,3.36294,4.18774,4.07307,3.6932,3.60456,3.95673,4.10433,4.12384,3.96763,4.17034,3.29801,3.55191,3.48842,3.93732,3.35082,3.50064,3.33161,2.92453,2.86657,2.79668,3.76094,3.82109,5.05638,5.34844,6.16884,6.94809,5.65592,6.15539,7.7106,7.76237,7.15119,7.61743,7.00488,7.6984,7.14903,7.12928,7.02143,6.04248,5.95458,4.8783,6.11248,7.47268,7.21638,8.2441,8.78337,7.52232,6.92625,7.35173,6.04693,5.13628,5.48722,5.99858,5.25643,4.74034,3.79198,3.84489,3.94119,3.38586,3.05759,3.28149,3.22381,3.69893,5.06635,3.36348,3.96178,4.81311,3.57398,4.827,5.40928,4.96764,3.85683,3.99988,5.48995,5.31922,6.52793,5.19181,6.48179,9.17379,8.9304,9.07506,10.3755,10.8252,9.13291,10.4671,8.77007,9.25984,6.07672,8.43141,
4.39173,4.70462,3.7357,4.17075,4.08013,3.58197,3.07614,2.92782,3.69343,4.3968,4.04976,4.48302,4.48214,4.83324,6.32109,6.28834,7.59896,7.15572,7.33159,8.1246,9.16015,9.83422,9.32614,11.4026,13.3934,14.3141,14.7422,16.4138,16.6119,15.7578,14.9389,15.5365,14.1394,13.6148,14.8975,17.9141,20.0661,20.2574,18.4822,19.2372,17.4441,15.1751,16.068,14.8591,14.8445,15.4789,15.1224,15.119,17.4108,18.5391,19.6439,21.2376,21.8401,23.1873,21.706,20.0779,20.8568,25.0257,26.1598,22.6309,20.4815,18.2609,18.3433,17.4662,18.8407,16.3076,15.1269,16.5724,15.8234,12.4701,14.4501,12.8906,14.1814,15.0361,14.2995,12.4652,11.9561,15.3576,13.8304,13.7575,13.0429,11.8224,12.9013,14.2486,15.5562,13.5745,15.1957,14.6163,12.2377,9.51353,10.5447,10.989,12.3825,12.3935,12.2029,12.5285,11.9148,12.5592,14.9247,11.7088,
4.39173,3.13822,3.69562,2.92885,3.16178,3.76513,3.29926,3.43756,3.08718,2.52319,2.08743,2.03442,1.29578,1.28965,0.960918,1.08068,1.85948,1.81117,1.56438,1.7571,1.6528,1.84021,2.242,1.79014,1.69592,2.61502,3.02507,2.72355,2.18708,2.2629,2.11161,1.65675,1.29652,0.711775,0.63051,0.683503,0.778017,0.747249,0.59594,0.394865,0.384302,0.408998,0.447141,0.59197,0.55547,0.465445,0.560952,0.620157,0.670146,0.468434,0.511159,0.565282,0.39207,0.48532,0.428124,0.468794,0.271045,0.158087,0.145543,0.109095,0.0850705,0.0689781,0.0482868,0.0267138,0.0219991,0.0169457,0.0056362,0.00416572,0.00973915,0.00687439,0.00268214,0.00242097,0.00204679,0.00628015,0.00803722,0.00372051,0.00301489,0.00066865,0.000815055,0.001591,0.00590222,0.00626441,0.00809516,0.00186862,0.00948772,0.0055965,0.00242679,0.00024062,0.00177321,0.00172452,0.00365399,0.00270778,0.00106447,0.000628099,0.00155358,0.0121869,0.00654243,0.00708146,0.00609048,0,
4.39173,2.95208,2.57743,2.71054,2.46072,2.25386,2.21151,2.31258,2.27605,2.77418,3.12701,3.69019,3.46264,3.14088,4.08275,3.08813,2.44184,2.47142,2.04859,1.97545,1.57356,1.3523,1.02687,1.46373,1.56117,1.66362,1.76866,1.91633,1.85838,1.57258,1.09297,1.21385,0.7137,0.615235,0.42175,0.431979,0.318465,0.370843,0.279761,0.321925,0.310491,0.397855,0.421827,0.568905,0.642413,0.811855,0.939841,0.695909,0.42116,0.457374,0.633991,0.69845,0.541853,0.482635,0.58988,0.832362,1.1942,0.899405,1.2108,1.12209,0.902891,1.01021,1.20128,1.29556,0.812839,0.622451,0.686725,0.577281,0.758599,0.987718,1.06899,0.735058,1.00321,1.42853,1.63543,1.07529,1.17496,0.608557,0.86977,0.7104,0.538853,0.48737,0.605876,0.73082,0.415279,0.676456,0.568748,0.721985,0.729611,0.930826,0.584544,1.44096,1.57834,1.93435,1.80681,0.739013,0.631103,0.0564619,0.303991,0,
4.39173,3.45181,2.74146,2.69123,3.45824,3.06414,2.02685,1.79413,2.0339,2.29957,2.9176,2.92066,2.59733,1.95149,1.35089,1.28147,0.823768,0.821117,1.08259,1.21756,1.23379,1.03557,0.771555,0.74072,0.662649,0.645048,0.929167,0.868985,0.689843,0.797177,0.967727,1.14076,0.935957,1.13692,1.34181,1.49099,1.38693,1.67186,1.94933,1.54038,1.02607,0.959851,1.04366,1.04835,1.06243,1.31423,1.44669,1.36325,1.0403,0.680994,1.03923,0.768956,0.856498,0.74314,0.647602,0.711631,0.612786,0.484735,0.582393,0.296962,0.218357,0.253259,0.14611,0.187422,0.226173,0.261304,0.140709,0.071208,0.0571297,0.0414759,0.0298892,0.0233212,0.0129881,0.00391011,0.0048822,0.00488287,0.00295733,0.000648901,0.00159474,0.000445411,0.000106109,1.58229e-05,9.8795e-06,7.97161e-06,3.30348e-06,2.48216e-07,1.67066e-09,7.35642e-12,2.77352e-12,1.1988e-13,4.73079e-14,1.51974e-15,1.14183e-18,3.18311e-19,7.59681e-24,9.4017e-28,6.52664e-36,7.47059e-55,5.01024e-93,0,
4.39173,3.12712,3.66288,3.62342,3.60599,3.2445,5.08687,4.21757,4.14882,4.19191,3.81251,3.97146,3.34729,4.2197,4.23503,2.61947,1.93291,1.45845,1.84053,1.35436,1.18759,1.32255,0.908468,0.701861,0.453931,0.386716,0.305294,0.307399,0.242832,0.281713,0.364944,0.390767,0.306439,0.22383,0.365991,0.264623,0.224288,0.342695,0.365845,0.411541,0.320974,0.328634,0.146419,0.194832,0.285726,0.163807,0.171029,0.15026,0.137828,0.126382,0.122554,0.128245,0.129307,0.106761,0.0677705,0.0519818,0.0378583,0.0488806,0.0462465,0.0606073,0.0395343,0.0318772,0.0196426,0.0330761,0.0519426,0.0323838,0.0142139,0.0111775,0.00463772,0.000919976,0.000832949,0.000723242,0.000837986,0.000558985,0.000661708,9.58436e-05,2.78348e-05,3.58798e-06,7.95132e-06,4.48919e-06,2.36482e-06,4.32697e-06,3.12765e-06,1.63095e-07,5.02404e-07,7.64822e-08,2.17596e-07,1.31385e-08,1.02077e-09,1.83569e-10,1.85786e-11,7.75641e-13,4.40946e-15,3.56887e-16,9.09432e-19,8.59561e-21,5.70951e-30,4.99859e-43,2.07386e-86,0,
4.39173,3.51404,3.51341,3.42255,3.238,3.00193,2.33585,2.37103,2.26174,2.35867,2.3433,2.7857,2.61411,1.97831,2.42887,2.26497,2.15203,2.29713,2.10421,2.06569,1.53891,1.74045,1.46729,2.02483,1.94606,1.94829,2.43125,1.63905,1.94178,1.30144,1.04483,1.21636,1.10428,0.74388,0.663833,0.65582,0.415273,0.640693,0.790325,0.647105,0.591289,0.556824,0.583808,0.628131,0.562176,0.626182,0.513002,0.659488,0.300563,0.237087,0.171107,0.21468,0.170862,0.138202,0.0893563,0.128212,0.0828225,0.0333725,0.0433085,0.0290518,0.0577331,0.0636579,0.0714824,0.0568594,0.0466074,0.0534587,0.0294008,0.0255196,0.0297097,0.0175591,0.030012,0.0448113,0.0548687,0.028743,0.0203324,0.00322253,0.00437362,0.002378,0.00512515,0.00592934,0.0157146,0.00542552,0.00182982,0.00106528,0.000345774,0.000275815,0.000747022,9.5046e-05,2.47711e-05,1.0543e-06,5.8373e-07,9.1299e-09,5.74235e-09,1.31019e-09,2.90135e-12,1.02334e-13,5.09102e-18,1.01213e-29,1.79296e-51,0,
4.39173,3.53191,3.66345,3.61046,3.74537,3.46965,3.29098,3.60574,3.57043,2.9798,3.06635,3.10485,3.63232,4.50693,3.90404,3.8063,3.46367,2.85342,2.25542,1.8767,2.05041,1.64182,1.57581,2.13853,1.64699,1.42214,1.29907,1.30005,1.15871,1.12893,1.19169,0.982098,0.98409,0.894761,1.0256,1.05444,0.85574,1.01827,0.958387,0.924974,1.12529,1.27482,1.63903,1.29737,1.53811,1.70819,2.13141,2.13917,2.00594,1.79602,2.23395,1.73492,1.35934,0.851748,0.76964,1.29201,1.2756,1.2147,0.859494,0.595571,0.440667,0.458902,0.433138,0.419965,0.25937,0.187631,0.137195,0.132379,0.119026,0.153955,0.14355,0.154069,0.113184,0.206157,0.204568,0.512652,0.563524,0.167173,0.276345,0.150764,0.109818,0.0724034,0.0601567,0.0929233,0.0849403,0.100914,0.0767442,0.018054,0.0305723,0.0776728,0.0558173,0.0430026,0.04839,0.013535,0.0176004,0.00149376,0.000964757,6.77195e-06,6.25763e-09,0,
4.39173,4.62351,5.02703,5.11514,5.99113,6.50728,5.94129,5.62102,4.83124,4.20227,2.87441,2.5304,3.19368,2.86788,3.32502,3.42038,3.24345,3.28413,2.98006,2.47973,2.43057,2.24786,2.4303,2.58456,3.25892,3.39837,4.07749,3.75692,5.08106,4.87961,6.15025,5.18744,5.36585,5.84048,5.35784,5.94606,6.33264,6.37986,7.20666,4.96656,5.88777,6.3476,8.17453,9.65354,8.05836,6.9872,7.31356,6.1205,6.58245,6.56023,8.62696,7.82859,8.76965,10.0542,9.08182,9.24588,6.71246,6.21963,6.30235,4.43003,5.69546,5.64475,5.31946,5.10987,4.86441,5.12304,6.99314,7.021,7.95356,6.76148,6.04461,7.51157,6.40393,5.81789,6.92935,6.44028,6.05919,5.58243,4.00789,4.23772,3.41004,4.17846,3.67319,4.22342,3.71387,2.29053,4.20407,4.43051,4.40257,2.12493,1.66952,1.07701,0.426117,0.213938,0.264659,0.127792,0.0248922,0.000487176,0.000106402,0,
4.39173,5.66065,6.55763,5.94219,5.10369,4.64845,4.95689,4.9359,4.98582,5.77502,4.70376,6.54432,5.37885,5.10591,4.19542,3.64854,3.35837,3.73917,3.07305,3.30401,3.40789,4.50499,4.0716,3.74902,3.24697,3.36842,3.98205,3.32417,3.41418,3.43534,2.79072,3.18061,3.58862,3.91294,3.81928,5.11118,5.23229,4.81021,4.80419,4.8669,4.38595,4.57736,4.97205,5.25169,4.53824,3.68828,5.28704,7.24426,7.15768,5.48233,4.48212,3.67372,2.53177,4.1399,3.60561,3.18726,3.2235,3.67381,2.73419,2.65871,4.26912,5.42409,3.54884,3.86001,3.03566,3.1761,3.07874,2.90352,2.1516,2.73765,3.40587,3.23745,3.4255,3.90998,2.91469,3.63447,3.74982,3.31304,4.30668,3.84548,3.60673,3.11971,3.94856,3.89461,1.93361,1.63023,1.10746,1.10822,0.498864,0.493052,0.14946,0.156385,0.319582,0.197418,0.170859,0.100693,0.026224,0.00410855,0.000379728,0,
4.39173,4.69232,4.56946,4.94794,5.11377,5.5667,5.99645,5.09553,5.72151,4.74195,4.93936,5.41641,6.1439,4.85689,4.13366,3.74058,4.93322,4.56828,5.04388,3.80969,4.61062,3.93017,4.26049,4.35546,3.41054,2.88854,2.77206,2.20623,1.98058,2.24389,1.80324,1.62474,1.55612,2.05095,2.63609,2.36011,1.66808,1.83544,2.46666,2.22464,2.16434,1.64762,1.80083,1.36336,2.01471,2.06108,1.73294,2.50148,2.28138,2.72374,3.42821,3.66159,2.67206,3.03752,2.87334,2.04004,2.01424,1.11111,0.794846,0.839866,1.17584,1.12872,0.993237,0.982655,1.22747,1.61552,1.42427,1.90464,1.63832,2.22491,2.24496,2.09818,2.51383,2.66386,2.12093,3.40281,3.3382,4.67813,5.16997,4.11022,3.65364,2.5412,2.40346,1.84166,2.82301,3.33671,4.47391,3.17837,2.11572,2.22924,1.60211,1.70099,0.816288,0.78189,1.05281,1.21162,2.12221,1.78786,4.13726,3.72466,
4.39173,4.34288,4.81609,5.35761,4.66579,4.34781,4.97435,6.32853,5.58459,7.02727,9.17199,7.0577,5.40087,5.45324,4.13376,4.92689,4.97578,5.42511,5.99416,4.2742,3.87993,3.37452,2.32195,2.42808,2.31915,2.60126,3.46577,3.64767,4.18457,3.84616,3.23609,3.63567,3.53557,2.37747,1.71176,1.67269,1.89822,1.6071,1.40348,0.991713,1.1924,1.36395,1.32578,1.63352,2.41638,2.23525,2.47775,2.79731,2.47478,3.09895,2.51106,1.85692,1.1149,1.27129,1.02797,0.901002,0.808277,0.487786,0.79053,0.554031,0.330302,0.47846,0.545135,0.212256,0.213037,0.0986989,0.136217,0.103663,0.191167,0.254564,0.220995,0.0733633,0.107052,0.0963387,0.0933789,0.142312,0.190887,0.0829534,0.250555,0.153532,0.0256615,0.0461216,0.025121,0.00550712,0.00129133,0.00144405,0.00278987,0.00079576,3.11317e-05,1.7271e-06,1.92999e-07,7.46205e-10,6.50259e-11,1.03517e-13,1.76581e-18,3.68774e-21,1.88564e-30,5.8248e-45,9.40551e-80,0,
4.39173,4.18624,3.68419,3.59685,3.81926,4.1183,4.44442,4.34781,5.51773,4.36118,4.0201,3.9373,4.3156,3.41688,3.93451,4.1518,4.64144,4.79561,5.16818,4.56169,4.56059,5.92037,6.00564,6.62568,8.38448,7.87299,7.62197,5.84848,5.2088,4.91061,5.07394,5.32945,4.26361,4.1968,4.44526,4.12409,3.19521,3.03424,2.65328,2.3209,2.06555,1.81668,1.80942,1.50091,1.58717,1.30544,0.909127,0.756172,0.951594,1.06472,0.633105,0.565901,0.637823,0.989319,0.865156,0.69696,0.862572,0.836362,1.18799,1.16236,0.909086,1.38627,1.20789,1.26836,1.33669,1.66272,1.03252,0.820753,1.22256,0.723299,0.818206,0.966206,0.289204,0.184656,0.0675641,0.040309,0.0534359,0.0273226,0.0168716,0.00567973,0.000595799,0.000543968,0.00212943,0.00153742,0.000498725,0.000486346,0.00031401,4.47288e-05,2.432e-05,6.95765e-06,8.92994e-05,2.72305e-05,0.000216703,0.00085525,0.000353441,5.26886e-06,5.84945e-07,1.47757e-12,8.76326e-27,0,
4.39173,3.84121,3.55856,3.54726,3.70978,4.36999,4.70676,5.27193,5.10817,5.24974,4.61299,6.28284,5.33824,4.45703,4.61856,4.593,4.19957,4.13072,4.01765,3.58512,5.43185,6.19917,5.52283,6.12658,8.15161,7.22552,7.70536,9.06647,8.1752,6.84489,6.55973,4.88108,4.70809,4.61815,4.66736,5.53951,4.85434,3.63887,3.69491,3.71629,3.54405,3.26165,2.79446,3.33933,3.29105,3.02665,2.12547,2.52944,3.38075,4.70375,3.5462,4.19546,4.78343,4.42093,4.68574,3.8803,4.78587,3.34047,2.80732,2.54043,2.74628,2.24806,1.99022,1.38957,1.327,1.50866,1.10842,1.5368,1.01551,1.05534,1.10051,1.54123,1.40951,1.23193,1.56189,0.770872,0.844195,1.13976,1.32076,0.857805,0.958298,0.367009,0.2236,0.604565,0.652707,0.706894,1.33588,0.840043,0.998365,1.01771,0.391312,0.108853,0.130751,0.0970534,0.0472936,0.0895145,0.0493761,0.0089807,3.62897e-06,0,
4.39173,3.7816,3.08931,3.03714,3.41255,3.59217,3.40292,3.1673,3.06377,3.91934,3.15686,2.9214,3.75216,2.78968,3.34754,3.69582,4.53127,4.02312,4.45059,2.93057,2.63909,2.81767,2.56968,2.09116,2.38082,3.05676,2.90458,2.86122,2.76485,2.36517,2.00888,2.00637,1.80975,1.9515,2.27808,1.621,1.48945,1.5215,1.18773,0.979112,0.79371,0.680937,0.545468,0.702304,0.651843,0.581621,0.677398,0.639326,0.525339,0.340397,0.305732,0.241497,0.411132,0.306119,0.447113,0.332823,0.246343,0.220614,0.289121,0.430292,0.473323,0.200909,0.188788,0.199367,0.2022,0.127476,0.0792405,0.0691863,0.0842605,0.0377127,0.0272877,0.00905671,0.00501603,0.0010136,0.0011629,0.00101464,0.00157802,0.000887415,0.00105751,0.00116614,0.00132643,0.000509557,3.06108e-05,3.63753e-06,2.56221e-07,2.36048e-06,5.35611e-06,5.49604e-06,2.13283e-06,1.30475e-06,1.14124e-06,1.32681e-07,3.08519e-09,2.01378e-10,1.08634e-13,3.60123e-15,4.36557e-20,2.06151e-29,3.83201e-55,0,
4.39173,5.37225,4.59055,4.7938,5.3744,6.86714,6.92161,7.58902,8.17715,8.07215,8.22102,10.5954,9.97963,10.2222,9.37773,10.261,9.62109,10.266,9.08038,9.91208,10.6554,9.48186,10.4505,11.6753,12.5817,13.6447,16.351,16.7934,17.6048,16.534,16.3364,11.9329,10.5571,11.5987,9.7015,8.17141,7.2209,8.16931,7.51744,8.03398,8.63499,8.31087,7.01115,6.68521,5.82203,5.50883,5.00647,5.65519,5.78362,5.37933,5.60111,3.84699,3.08814,3.2945,4.07432,3.89119,3.3763,3.80391,5.24534,4.75401,3.39384,2.52193,2.82707,2.55242,2.04716,2.56989,4.44847,3.82439,3.41825,4.42192,5.19033,3.52283,3.08592,2.95758,3.75584,3.6919,2.73089,3.19393,3.05202,4.42095,4.64382,4.71426,5.26271,5.18561,4.40912,4.26569,5.41235,5.03537,3.43452,3.8089,5.02875,4.61081,5.88772,4.36738,5.68675,6.31648,6.61234,8.91936,5.48884,3.7415,
4.39173,4.24375,4.65593,5.63049,4.87084,4.63107,4.88608,4.68321,3.81511,4.15772,4.05578,5.12649,4.57692,4.31028,4.18465,3.45728,4.36136,3.87123,3.2039,2.67988,3.10831,3.07418,2.94824,3.2842,2.49665,2.90468,3.40358,4.29113,3.58278,3.52533,3.89819,3.59408,4.15719,3.54105,3.20493,3.37869,2.81294,2.66236,3.30624,3.77946,3.00862,3.4197,3.62487,2.34696,1.60074,1.34558,1.33004,0.951958,0.8789,0.822702,0.612604,0.496682,0.432913,0.542988,0.470181,0.890808,0.818764,0.534126,0.547672,0.730156,0.451642,0.486576,0.419833,0.345184,0.526519,0.716826,0.618321,0.404163,0.493945,0.617118,0.933334,1.08065,1.23587,1.37223,1.70609,0.529159,0.542189,0.736052,0.479823,0.226173,0.269011,0.211192,0.474288,0.508893,0.418123,0.225233,0.184055,0.102707,0.0791868,0.042139,0.0119701,0.0038374,5.8697e-05,2.57154e-06,4.01071e-07,4.76302e-08,1.87757e-09,7.32379e-12,2.24e-31,0,
4.39173,3.98013,4.02132,4.65922,5.52215,4.77515,5.15911,4.65786,3.29769,3.73521,3.76712,4.96469,5.21682,4.93688,4.3564,4.10812,5.24769,3.92769,5.06103,4.68129,4.21076,3.99142,5.22146,4.87023,3.12247,2.87817,2.86563,4.56215,3.67705,3.39841,2.95394,2.93691,3.11702,3.34027,2.51458,3.0048,3.1019,2.74621,3.36279,2.45901,2.19186,1.90971,1.90213,1.90253,1.95559,2.47817,3.22605,2.59848,3.24682,3.43806,3.33237,2.83896,2.49314,3.47755,3.92616,4.78472,3.66312,3.51238,3.17596,4.13407,4.79021,3.59134,4.88085,6.94143,9.70065,10.5721,10.1496,10.2508,13.6463,14.2028,11.7909,13.0446,14.6305,15.2362,13.9867,12.0228,11.3339,10.3096,9.21683,9.58185,9.64233,7.48636,6.72831,6.0882,5.12029,4.42466,4.26687,3.85671,4.7619,5.15672,5.39738,7.21264,6.62359,8.4008,8.35336,9.10207,10.5448,11.6289,13.0119,11.2492,
