99.8349,98.2079,99.2476,97.6477,97.7165,98.8408,98.911,98.1401,98.8488,99.1697,102.388,102.986,104.603,105.867,105.683,105.164,104.088,106.176,104.689,100.463,99.3052,98.5389,95.5443,95.6364,94.3569,94.3569,94.1112,93.1595,93.0738,94.3049,94.8633,93.8034,95.8188,97.0101,96.5359,97.5407,99.3539,99.4439,99.0334,100.783,98.7929,98.616,97.9308,98.0578,100.568,100.572,99.9733,99.5149,98.618,96.2482,94.8238,95.9901,97.6189,95.6743,94.2822,96.5473,96.7992,96.5807,98.679,95.7126,96.5569,96.5555,97.3304,95.5807,97.22,98.0619,95.9445,95.7976,97.1851,96.8817,96.2865,94.7736,94.5986,93.0366,94.1089,94.01,94.1655,94.089,94.1347,95.7849,95.5746,97.5198,99.1708,99.8688,100.09,100.2,100.413,97.6093,99.0965,98.7761,100.19,101.717,100.592,100.677,103.761,103.59,104.831,100.306,102.375,101.984,
99.2691,98.6682,97.819,100.219,101.631,102.409,100.5,101.377,102.246,102.054,100.641,99.1502,98.1101,99.4964,98.9373,100.764,100.238,99.7445,99.084,98.6918,100.506,101.361,102.454,104.531,101.926,103.334,103.465,101.871,104.454,105.613,105.887,105.67,102.698,103.617,107.523,108.851,105.647,103.999,100.652,99.1281,98.9144,98.5347,100.31,101.708,104.877,104.102,102.427,102.952,103.457,100.141,99.9261,101.766,104.212,103.608,105.289,106.612,107.033,107.71,107.745,107.408,105.033,105.417,107.751,109.205,107.854,105.55,104.532,104.06,103.297,102.016,105.515,101.541,101.953,101.561,98.7958,100.064,100.068,99.342,99.7477,102.32,102.053,101.727,100.283,100.744,100.007,97.633,98.0153,98.5909,101.576,100.708,101.083,98.8976,98.521,96.6616,97.9918,98.7522,97.6407,98.8665,100.021,101.281,
99.839,99.9298,100.933,99.1421,97.1975,96.2874,95.8524,95.4275,96.0316,96.2632,96.0633,96.1374,96.0093,96.1017,95.0338,95.1003,94.0784,94.8595,94.4887,93.3413,94.4947,91.9284,93.0616,94.5389,94.2965,95.1379,92.8787,92.5123,90.1754,89.337,89.5507,87.5395,88.1123,89.0907,88.071,85.1017,83.7742,84.487,82.408,83.8454,85.4754,85.54,87.0134,85.1132,83.1683,83.3173,83.6621,83.023,82.1331,80.3931,80.1915,78.3039,78.4181,77.9294,78.454,76.0789,76.5876,76.5003,77.203,77.4426,77.8067,79.3399,78.5019,78.1902,79.6291,80.9197,80.2648,78.9505,78.5128,77.9465,77.5089,77.6062,77.4792,77.583,77.4523,78.3609,78.7992,80.1999,78.7014,78.802,80.0754,83.1151,83.8577,86.3852,87.4345,89.9028,90.0755,86.0947,86.1431,85.498,88.3039,89.6651,89.5793,91.7142,91.5538,94.2454,92.8093,94.1778,94.5505,92.0075,
100.814,98.6609,99.1553,98.8531,99.6751,99.9762,100.562,99.5218,101.385,100.273,101.499,98.6948,100.82,100.783,100.472,100.172,98.3597,95.5476,94.8294,95.1,92.5441,92.8125,94.6204,95.1474,95.339,96.3107,96.0852,96.404,95.8966,96.1843,98.7721,97.5355,98.3995,99.4093,99.3797,100.85,103.166,101.653,101.607,100.374,98.7591,100.898,100.797,95.1482,94.9268,93.8491,94.3394,92.4562,89.9433,91.5621,90.0822,90.5205,89.9217,91.4968,94.552,94.1377,93.3683,95.0296,93.758,93.1826,91.4478,93.0156,94.0744,94.3488,91.8951,92.0823,92.7007,94.2164,92.5171,92.3299,93.8747,94.7669,93.356,91.7153,90.427,91.4982,90.6038,90.3533,87.7412,89.9414,88.675,86.8534,85.5805,88.675,90.0786,90.4675,90.6305,88.7274,89.7965,90.5083,92.2115,94.1492,91.3337,91.8951,89.5374,88.9579,89.5644,86.8282,84.918,85.6556,
100.728,100.103,102.414,104.118,103.344,106.42,105.67,105.972,104.679,103.815,104.163,105.569,106.628,109.537,107.269,106.795,105.326,104.038,104.946,104.922,106.009,104.953,105.107,105.966,105.996,104.259,102.635,102.677,101.051,103.487,105.031,105.709,105.279,104.026,105.001,107.63,107.154,106.661,107.895,108.46,110.602,108.911,107.821,109.319,108.218,109.069,108.5,110.951,110.731,111.198,110.165,111.256,112.391,112.101,109.488,111.598,112.605,111.596,109.625,112.222,113.297,112.887,114.872,114.253,115.875,112.562,113.178,113.849,110.519,109.146,109.457,109.975,110.899,113.163,111.879,111.261,110.833,113.589,114.911,113.038,112.391,111.537,110.57,110.81,111.671,109.226,108.769,106.3,106.359,107.602,108.132,109.832,112.34,114.546,112.805,113.104,113.352,111.455,110.974,112.408,
100.816,100.446,103.284,102.538,98.8406,97.703,99.9829,95.6921,94.5403,96.9709,96.0498,93.7738,94.9775,97.0034,94.0621,93.9576,93.5293,92.1231,90.5662,89.8115,87.9096,88.1969,91.4936,91.9452,91.3683,91.8862,95.5449,96.8209,98.1529,98.8625,100.671,99.4379,101.288,98.0402,100.291,102.606,102.459,101.987,101.569,99.7043,98.5154,100.583,100.358,99.1424,100.191,97.3716,96.3455,96.4397,96.64,95.2312,96.9608,97.2282,96.515,95.3909,94.4732,94.7,94.6747,94.7849,92.8596,92.4409,93.5301,95.1742,93.8614,94.6067,95.378,93.9463,89.9054,91.9795,91.8315,90.6195,91.766,92.2388,92.4665,91.1434,91.3302,92.7255,93.7784,93.7661,96.0582,96.527,95.943,94.3196,93.9134,94.5941,95.329,96.5231,95.2343,95.3364,94.3489,95.8305,96.8913,98.7702,98.5586,96.7967,96.3589,94.6886,92.9977,91.0977,92.6443,90.7075,
97.4755,97.4059,96.1758,95.0167,96.7069,96.9644,98.3127,98.5255,100.603,99.5538,100.583,102.519,102.258,102.858,103.792,102.734,102.61,102.087,102.727,100.774,103.078,103.515,104.554,105.133,105.154,105.505,106.859,108.647,107.782,106.471,106.178,107.479,107.679,109.187,107.763,106.505,105.604,102.433,104.031,104.89,107.526,108.002,107.164,109.552,111.257,113.424,111.807,110.01,109.915,110.552,111.322,113.53,111.037,108.429,111.409,112.334,109.551,110.349,111.042,110.324,111.239,109.386,109.096,108.019,105.574,105.538,106.822,106.365,106.926,106.879,105.12,105.517,104.177,104.197,103.543,101.813,101.058,100.065,99.0662,100.264,101.627,106.083,104.409,101.614,101.843,103.125,105.12,104.488,103.682,105.102,105.512,104.635,103.864,103.192,103.712,103.325,103.022,102.52,104.259,104.361,
100.279,100.35,101.196,102.658,100.614,103.14,102.036,98.057,97.2016,98.5467,94.6967,93.3662,96.318,95.6487,98.4277,99.503,97.5609,98.9118,97.8887,96.7128,96.4505,98.9649,98.7799,99.1464,98.7458,101.719,103.692,103.751,105.945,105.117,108.518,107.374,105.968,107.486,108.355,107.427,109.267,108.598,109.457,108.845,108.038,110.553,107.703,105.771,106.65,105.88,105.769,106.532,105.576,108.163,108.374,108.435,106.62,107.862,106.486,107.212,106.075,106.362,107.44,106.099,106.98,106.274,105.142,103.762,104.409,106.154,108.973,108.455,107.02,106.726,104.246,103.657,104.819,108.248,104.86,104.274,103.581,104.734,105.899,106.555,106.786,104.648,103.21,104.456,105.535,104.686,101.186,100.918,100.166,98.8325,100.634,101.16,101.781,99.6776,98.9817,97.7276,97.2198,97.0911,95.8899,96.5992,
102.766,103.764,101.848,101.637,104.667,107.289,107.447,110.35,114.595,113.319,111.83,114.026,112.049,111.542,113.193,112.39,111.256,111.126,109.164,110.152,108.482,110.87,111.204,110.85,113.742,114.277,117.419,118.212,119.972,121.893,119.739,118.965,120.954,119.024,116.642,116.594,116.907,114.138,116.358,114.315,116.439,117.108,116.228,115.75,116.909,118.021,118.082,117.963,115.986,113.949,114.99,116.376,115.714,114.364,115.993,116.516,118.67,117.815,116.877,117.223,114.19,115.835,114.693,113.873,113.254,113.597,112.63,111.477,110.566,108.759,109.69,110.058,111.109,113.098,112.142,110.891,110.887,110.163,109.763,110.289,111.371,110.47,108.272,108.594,108.099,109.038,111.288,109.566,106.422,107.903,106.292,104.422,105.262,105.593,104.577,106.172,105.516,105.267,105.405,103.182,
103.401,104.766,104.04,103.364,103.125,104.226,105.124,104.252,104.706,106.714,108.038,110.074,107.898,107.964,107.442,104.692,108.719,109.42,108.121,110.202,110.461,110.164,108.521,107.996,109.035,111.807,111.536,110.532,111.151,109.624,107.535,109.721,108.209,108.169,107.82,106.119,106.88,104.321,103.721,103.183,101.894,102.237,103.245,102.891,103.507,105.598,105.735,107.955,106.106,108.634,109.09,106.875,105.194,106.647,105.176,104.027,101.035,101.174,102.031,103.5,102.605,101.888,101.13,101.518,101.008,100.288,99.7612,101.263,102.251,100.731,99.7188,98.883,97.4593,96.6979,97.5076,97.7889,97.3576,99.5573,99.0155,97.7419,99.8129,98.5901,99.3313,99.8937,102.683,101.245,100.504,104.017,102.838,104.213,104.447,103.137,101.929,101.281,102.771,104.091,104.396,103.767,103.739,103.07,
97.937,97.3461,96.7789,97.4195,97.2351,99.2219,96.8004,95.3763,95.429,96.7305,91.2451,92.9593,93.6739,93.3029,90.6315,91.1215,91.6845,91.5439,92.8667,95.4078,92.0868,92.532,91.7137,91.8021,92.0687,90.8481,92.3903,93.1033,91.6085,92.2288,93.402,95.0979,95.4023,95.5804,95.349,94.568,93.7929,92.727,91.5977,95.3926,96.7433,97.6223,95.1832,96.4472,95.5843,96.578,95.378,94.4534,95.9971,98.6195,96.5283,96.0364,95.8592,96.4858,95.9976,95.3545,95.9651,94.7995,93.4279,94.6988,92.5145,94.264,92.896,92.3681,93.9667,94.078,93.7314,94.8546,95.9021,96.122,96.6613,95.2222,95.6736,97.1282,93.8523,94.5392,91.9612,92.5984,90.8091,91.2669,91.6613,93.7937,95.9458,95.85,94.5839,96.345,97.3876,96.5443,95.5323,94.6276,91.4531,92.0965,91.5928,89.206,90.2518,90.2608,87.968,87.4537,87.9495,85.5956,
98.4187,98.957,96.6512,98.8066,101.382,100.865,100.188,100.368,99.4423,98.7097,98.689,97.5636,96.3566,96.9948,96.7658,97.1598,96.0102,94.9959,93.2973,94.2566,94.8739,96.0327,94.7695,93.8686,94.2097,95.405,95.8507,97.0473,97.153,98.8481,98.5587,98.5695,98.8862,97.0507,95.4336,96.7859,94.6425,94.0318,92.7682,92.5371,90.7005,87.454,89.2145,90.1464,92.4081,89.7374,92.4578,90.6614,88.5266,88.3498,88.9222,88.9572,91.4382,90.3461,91.1756,90.3148,89.797,89.3562,89.2493,91.6432,90.5883,91.0329,90.6408,92.689,93.1333,91.5776,92.0803,93.6941,93.6309,91.6243,90.5999,92.8879,93.0595,94.1818,98.4901,96.6209,94.9797,95.4453,94.4853,96.7812,98.4161,97.7269,96.0928,94.2984,92.467,94.5125,96.3161,99.2308,101.999,100.254,98.6715,99.9086,100.623,102.231,100.883,102.781,102.941,103.669,103.768,103.098,
99.9863,97.1779,96.5565,98.8361,98.8323,98.6056,101.453,100.45,97.1601,98.9776,96.1614,96.1223,95.5678,96.836,97.7437,98.4251,98.864,96.5904,96.5957,97.7558,99.7046,98.6667,97.7989,100.609,103.268,103.936,105.514,106.643,107.243,107.984,108.644,103.432,102.872,102.907,104.014,103.868,103.84,106.268,106.422,109.465,109.134,108.041,106.24,105.559,108.02,105.546,105.231,103.04,105.093,104.064,104.545,103.596,102.674,101.886,100.991,102.124,99.627,100.355,99.396,99.2997,99.6615,100.768,100.729,100.941,103.063,104.199,104.058,101.403,101.382,99.6181,102.168,103.039,104.216,105.626,107.666,107.102,111.217,112.43,110.916,112.505,111.695,114.395,112.43,114.151,115.522,113.427,113.425,112.776,112.371,110.719,107.246,106.907,106.727,105.845,103.827,106.903,105.478,105.239,109.445,107.954,
99.7097,98.6464,96.9351,97.7104,97.9271,97.0005,97.1337,97.2924,96.6848,97.2198,96.2301,94.749,95.2903,95.4308,95.8817,96.543,95.9459,93.9123,93.7292,92.4253,93.4031,94.4153,93.3213,93.4996,94.2892,92.0215,92.9965,93.3409,93.4442,95.7394,95.8617,96.7447,96.5069,97.7216,100.253,99.7748,100.583,102.514,105.481,106.325,107.274,109.694,108.894,109.826,109.354,110.392,109.743,106.434,106.876,106.423,107.494,106.879,105.818,107.003,108.307,108.543,110.358,111.096,113.559,114.168,118.109,118.943,118.724,117.548,115.472,117.923,122.127,122.476,122.33,123.483,123.545,123.492,124.137,123.371,120.69,120.276,122.826,122.48,119.536,117.53,118.584,117.64,114.61,113.75,114.143,110.24,111.893,111.127,107.298,108.456,109.161,106.421,107.572,106.64,106.252,108.248,106.897,108.076,109.783,110.215,
99.1921,102.061,102.509,100.552,98.45,94.8349,92.2055,91.0629,92.0455,91.7959,92.3613,94.745,94.3726,94.8559,94.358,95.0608,95.2136,96.4263,97.7457,96.7906,95.3937,94.3774,97.7871,99.0119,102.602,100.271,99.8494,102.146,99.4702,100.346,100.45,99.4064,99.7081,101.567,102.462,101.949,102.527,104.369,104.419,106.078,107.586,106.37,105.611,103.929,102.357,102.816,100.8,100.022,100.48,100.891,100.495,101.482,101.633,101.296,102.506,101.872,101.787,100.492,100.509,101.176,99.7403,102.288,102.976,102.161,99.7285,100.068,100.09,98.9627,98.8826,98.0239,98.651,96.9246,99.9749,100.423,103.242,103.789,104.824,104.46,104.74,104.786,103.548,105.183,104.58,105.359,106.063,104.513,107.263,106.671,106.365,103.588,106.266,108.957,109.508,108.4,109.41,110.123,108.649,110.237,106.834,106.613,
101.658,98.7387,98.2193,100.107,101.352,99.4811,99.437,98.2953,97.7188,99.2022,101.732,99.2929,99.8324,99.2284,99.8362,98.0614,98.57,99.5073,99.7818,99.3878,99.1922,100.007,97.5679,94.8345,94.7595,93.9095,94.3075,93.7777,93.9545,96.1001,97.5628,100.386,103.072,102.788,102.53,102.37,100.256,98.3949,96.1358,95.9082,97.5474,96.4381,96.8107,99.1212,99.7765,97.4369,98.5285,96.5412,94.6569,94.5488,95.3714,96.6612,95.0833,95.4557,96.2305,96.0809,94.6321,92.7422,93.7011,95.2609,94.081,95.2696,96.2469,96.2988,95.5986,95.7917,96.6773,97.9727,94.5715,94.2167,95.1966,94.5843,95.3791,94.2856,95.0054,94.6002,94.2328,93.1032,93.8371,94.9101,95.8193,96.057,95.3131,94.9007,92.4281,93.3296,93.0151,91.6209,91.3317,89.7376,88.6354,87.9431,86.7039,86.7989,85.6711,86.3923,87.3802,88.4848,86.5282,84.8269,
98.0958,97.3361,95.8979,94.7526,93.6546,93.707,94.7596,94.8926,96.1911,95.4063,93.096,95.0155,96.072,94.9156,95.6981,96.8926,97.2333,98.4955,98.4697,97.9288,99.0529,99.0678,99.9955,99.5337,97.8089,99.7755,97.9222,98.2149,97.2547,99.0609,99.6879,98.1111,98.1609,99.0294,99.5673,100.051,99.2862,99.0444,101.628,98.09,95.5241,96.6001,94.2894,93.0969,95.4639,94.5223,95.078,96.6197,93.8367,95.7991,95.67,96.506,95.6344,96.5332,96.4243,93.9164,93.9629,94.3225,94.4633,96.8858,97.9623,97.1038,95.3044,94.6179,98.6899,97.3199,95.9333,96.5645,98.7828,99.0053,98.8826,98.7055,97.7493,97.047,96.3674,98.8253,100.002,99.6774,99.7153,99.897,99.2369,97.1566,97.8219,97.3653,96.763,97.3139,98.3178,98.3062,95.821,93.9106,93.5307,90.0384,88.4046,88.918,89.7432,90.6732,88.4734,86.7363,87.6187,87.8932,
100.249,99.9104,98.5154,98.9778,96.154,97.2449,96.2268,95.1575,96.0413,97.6211,96.5321,97.5226,99.782,99.7611,101.094,100.894,103.082,102.86,104.195,105.56,105.443,108.496,103.903,104.752,103.861,103.471,105.307,105.969,107,105.293,103.988,103.557,103.932,103.215,102.149,101.821,101.187,100.901,99.3274,100.469,103.228,100.585,98.1839,99.9281,97.9735,97.2821,96.5094,96.9661,96.4806,98.9561,98.6845,99.8189,103.409,105.48,108.32,108.795,106.064,109.693,111.241,109.577,110.992,109.355,110.359,112.016,111.239,111.532,109.183,105.283,103.523,101.133,101.502,103.24,104.58,101.079,100.865,100.082,99.5469,100.724,102.749,102.014,98.6934,97.0153,95.3836,93.9699,93.6373,92.9347,94.7474,95.3064,95.5239,97.1702,98.1102,98.5148,96.5432,96.4491,97.1536,98.1818,99.3868,100.32,98.6977,98.9676,
97.7304,98.4979,97.7599,98.2924,96.6721,97.7674,100.096,99.6615,100.733,99.3009,98.9286,98.8224,99.9084,101.216,101.389,99.2026,97.7455,97.9914,97.4394,98.562,99.4746,97.7871,99.0305,98.1914,97.4054,99.4592,98.279,98.7466,100.745,100.636,100.602,101.4,104.124,105.113,104.867,103.342,104.251,103.978,104.683,103.361,101.904,103.675,104.959,107.902,107.768,109.647,109.358,110.986,111.041,110.032,108.912,110.198,109.083,107.213,110.538,115.243,114.114,115.058,117.109,117.901,118.568,119.741,120.12,123.346,125.34,125.325,125.563,129.145,130.247,129.932,130.563,131.149,134.562,136.136,139.875,141.216,140.5,140.491,139.698,138.963,135.79,134.685,136.114,136.124,138.776,139.455,137.449,137.692,141.315,141.201,145.636,148.428,147.43,144.579,145.337,146.352,147.25,152.206,150.619,153.951,
101.682,101.927,100.105,100.562,102.791,104.01,105.047,103.639,102.504,103.86,105.295,102.785,103.177,102.312,103.407,104.007,104.94,104.849,103.429,102.393,102.92,102.574,100.462,103.084,103.358,102.923,102.098,102.257,103.168,99.9806,100.297,100.905,101.281,101.202,103.502,105.627,104.733,103.763,104.387,103.613,102.454,101.256,99.2666,100.244,101.288,97.3123,98.9137,99.8459,100.255,101.862,99.4379,98.0513,96.2341,96.2092,96.2091,97.074,97.654,96.6813,96.003,95.6966,96.9529,97.0979,98.3962,96.3268,94.9931,97.7308,98.2558,97.9118,97.0847,99.063,100.095,98.5695,100.081,101.523,103.583,105.862,104.86,101.752,99.5967,97.0266,95.9789,97.6126,97.5207,98.726,98.5448,99.1035,100.473,99.7268,96.6996,94.8406,94.595,89.8729,89.4535,90.0905,88.5048,87.8997,88.9088,87.5234,87.7036,89.6621,
100.784,99.6628,101.366,102.079,100.868,101.797,101.771,99.4015,100.321,100.42,99.1855,99.233,99.6198,99.3492,100.012,100.92,99.6286,98.9499,99.847,99.0916,98.4434,99.2815,100.255,101.052,98.8074,100.106,100.36,100.042,98.8866,102.493,103.4,105.414,104.71,104.915,107.163,108.061,107.295,106.812,106.219,102.058,102.548,104.311,102.932,101.835,102.44,104.385,104.363,106.26,105.932,107.003,107.667,107.801,107.507,106.84,105.733,104.59,106.907,105.887,107.309,105.2,103.682,103.413,102.416,102.979,104.491,104.186,104.023,105.021,106.125,105.941,105.64,104.227,105.14,104.066,103.281,103.566,104.19,105.013,107.078,108.765,109.014,109.607,109.979,109.274,108.705,110.44,108.985,109.618,110.099,108.871,110.687,112.1,113.55,113.244,113.692,115.171,116.453,116.293,114.331,114.145,
100.953,101.366,102.257,103.712,104.399,103.153,104.052,105.348,104.06,104.2,105.539,101.522,100.756,102.11,103.233,102.062,103.69,100.999,101.569,100.3,97.61,95.0998,93.8947,94.105,94.7935,94.7599,96.8918,95.1078,95.2819,92.3948,90.9921,93.2819,94.7429,92.3833,91.0163,90.2645,91.1831,89.3494,88.7993,88.5004,89.0507,89.1901,92.2094,90.0949,89.0234,90.2464,90.4846,92.5885,96.2546,96.2384,95.7283,96.0079,96.3164,94.0051,93.2803,93.554,92.5679,91.7181,93.2325,93.1504,94.2236,94.8579,90.6639,88.7621,87.8248,88.8506,89.6382,89.2525,89.5436,89.9403,87.8575,86.5231,86.6723,87.0717,86.6087,86.0954,89.3999,88.7078,86.3531,87.3614,86.8331,87.0572,86.7904,88.2061,88.987,89.9836,89.6819,90.087,92.705,95.1301,93.9086,94.9754,95.146,94.804,94.8668,96.5262,96.2071,96.4196,97.5831,98.9986,
98.6027,100.206,95.8089,94.6985,94.9479,94.4865,95.1822,95.0842,97.6807,98.1912,96.897,97.3997,95.2478,96.8456,99.0994,102.229,99.0055,98.0711,98.4155,98.7354,98.5477,101.825,103.679,105.51,104.255,103.435,102.246,102.262,102.843,101.766,100.046,101.732,102.692,102.472,103.184,106.804,106.56,105.991,108.153,110,110.482,110.889,110.342,108.232,106.416,108.268,108.924,110.281,108.286,106.72,107.956,110.319,111.66,110.855,111.484,113.618,117.747,115.965,116.573,115.328,116.099,117.869,115.439,116.621,114.716,113.952,116.158,112.839,111.634,110.409,110.57,111.556,111.512,109.531,110.421,111.922,107.689,108.247,110.054,110.988,109.929,109.709,106.992,106.862,104.163,105.791,105.879,103.155,100.816,97.7882,98.6396,99.6552,98.2849,94.932,94.751,95.6668,96.8093,101.22,100.677,100.649,
100.582,102.593,102.702,100.768,101.548,100.091,102.061,101.048,101.121,100.18,98.1938,98.7785,98.3987,98.5778,97.4735,95.6177,95.7494,95.0399,93.1848,92.1163,89.3673,88.1773,87.9647,87.7795,86.0687,86.2547,86.1679,85.2871,84.2161,81.3443,81.0298,81.0839,80.4943,82.7791,83.192,83.8145,85.0272,84.7872,86.7775,82.8115,81.5289,81.7201,81.5416,83.6367,81.7154,83.075,83.2184,80.6294,79.1072,77.3771,77.9845,77.0364,77.7891,77.2727,77.4206,76.2223,78.1506,77.3182,76.8053,77.8205,79.308,77.8357,77.0284,74.0184,72.1412,72.3073,70.7048,71.9687,71.089,71.3679,72.1152,71.5318,70.2104,69.4458,69.85,70.1428,72.1465,72.1357,73.0171,73.0499,72.9515,73.6895,73.9773,76.7118,77.4321,76.751,76.2967,77.3413,75.6433,76.8952,78.1163,77.1271,77.0928,78.4889,80.4222,81.366,83.5073,83.6811,84.4514,84.4428,
100.961,100.337,100.735,99.3449,99.524,98.8433,98.0292,100.928,100.549,102.09,103.618,103.654,104.471,103.521,104.761,105.661,102.404,102.131,100.713,100.72,102.778,103.537,103.091,102.239,101.1,100.455,101.101,96.8324,97.2238,95.6234,95.7068,96.2158,94.0501,93.6723,91.844,92.2256,93.7787,93.4092,90.8204,91.3903,92.5767,92.6023,92.139,90.7296,91.281,91.612,92.2514,90.5914,93.6784,93.6205,92.3307,92.6666,93.7054,93.9015,95.0175,94.7092,93.8215,93.7818,92.6273,91.9669,92.9783,94.4505,94.3545,93.9313,95.2219,94.7702,94.8823,96.9771,94.9895,94.5117,91.4182,87.9784,87.235,85.8073,87.7957,85.2932,86.3245,85.7999,85.7902,86.5283,84.2176,84.6961,85.6921,83.9241,82.4834,83.136,85.952,85.8188,84.1464,86.1273,85.8367,86.5612,85.4923,86.4437,85.8879,86.9846,86.7601,87.5561,87.4847,88.9706,
97.3874,96.2449,94.4252,95.4715,94.7975,93.6067,93.4017,95.3018,94.9913,97.0349,96.695,98.5946,98.7049,99.4225,99.2202,100.052,99.8522,101.591,101.467,103.607,105.294,106.132,103.877,101.862,103.217,103.554,103.927,101.79,102.339,101.684,101.611,101.326,100.887,101.062,99.6779,102.34,101.354,100.123,99.8333,99.7269,101.258,100.099,99.1454,98.1882,99.6359,104.022,104.951,106.746,105.882,107.117,109.394,111.385,112.588,110.923,111.367,113.789,111.472,112.501,113.224,114.974,115.787,115.041,112.912,114.136,116.903,115.402,117.397,117.256,117.343,116.292,115.862,114.32,116.295,113.34,114.286,115.423,115.517,118.029,114.404,113.955,115.385,116.117,117.564,117.706,114.647,115.064,114.916,117.273,113.628,114.397,115.291,114.599,115.901,114.83,114.874,113.434,113.799,115.374,114.009,116.577,
100.017,96.92,98.7913,98.4445,100.354,100.632,100.789,100.518,98.6424,95.3043,94.1763,92.9412,89.4706,91.5852,92.0981,93.5286,93.2949,93.9289,92.4127,92.2785,92.986,93.527,91.5473,90.6443,91.7695,91.9244,88.69,88.6086,86.9933,86.6078,85.384,86.7899,86.5107,88.5557,89.1765,91.7387,92.4057,91.9122,90.247,90.5823,88.9135,88.7365,89.3651,91.643,90.0714,92.2856,93.5727,95.5665,97.1377,97.7209,95.8556,96.7692,96.3528,92.341,90.2007,92.7999,92.273,90.085,91.5291,91.943,92.0673,89.1235,88.2838,89.3251,87.2329,87.0583,87.1041,87.7803,88.4024,90.0253,90.2365,90.4756,90.454,90.2969,89.6292,89.1071,89.7665,88.4768,88.0367,89.3206,90.4216,89.4503,90.102,89.0483,87.9226,88.6123,86.2588,86.3283,85.7848,84.7365,84.6183,86.0666,86.9576,88.6563,87.7499,88.8677,89.1567,90.8279,90.2237,91.4114,
98.4112,93.5968,91.288,90.59,89.9209,90.6731,91.3232,93.1105,93.431,92.4758,92.0585,93.4755,93.0575,93.4655,93.671,93.3759,94.413,92.9824,92.0835,91.7248,90.2169,89.1945,89.3252,88.56,88.1281,86.9434,88.2165,85.8575,86.2775,87.4602,88.0829,88.3214,86.6668,84.3499,83.9524,82.5093,80.3873,80.7849,82.3374,83.5131,82.9799,81.349,82.2119,82.3779,81.5226,81.4076,79.4278,79.4151,79.664,79.2941,79.607,81.9648,82.8321,81.5872,83.0936,83.7096,82.4186,81.6247,80.7778,79.8014,78.8554,80.052,80.791,79.6071,80.5356,80.7622,83.2965,84.905,85.486,85.483,86.8038,86.4783,88.4661,88.4243,87.9349,86.0058,84.6879,84.5315,85.1619,84.7625,84.5063,86.944,87.4814,88.6046,87.3132,88.7999,89.7751,91.4298,89.3866,87.7282,87.2649,86.1263,86.5239,87.804,87.855,88.5838,87.8939,87.2124,86.2683,86.1559,
102.047,103.688,101.065,100.71,99.8239,100.153,99.0552,97.5216,98.7105,96.1063,97.909,97.8722,96.7765,95.4078,96.0514,97.1153,97.8706,95.8879,96.5489,96.3868,95.9066,95.2034,96.9837,97.2955,94.6414,94.7898,94.1286,94.8534,92.8971,93.1729,91.4925,88.5902,87.1134,87.4464,89.2309,89.6637,88.5064,89.4386,85.6948,85.3086,86.4592,83.1884,81.6833,82.1604,84.8108,86.7441,90.1136,91.5784,90.556,87.555,87.5551,88.8006,88.5452,89.0332,88.0667,88.6204,90.6946,88.9641,90.0269,89.9848,91.8407,90.3557,90.975,91.1896,92.5217,93.3284,92.7764,92.2295,90.7638,91.1237,91.843,91.7169,91.9847,90.7617,89.8475,90.5953,90.8662,93.9876,93.2901,93.9694,92.9922,94.1705,95.5218,96.7491,95.6022,96.1171,96.2769,96.3289,97.4591,98.1063,97.4207,96.5269,96.9218,99.1815,97.9613,98.1588,98.9421,98.884,100.386,99.5098,
99.9458,99.9643,97.6576,97.075,98.5114,96.3412,96.4381,95.8236,97.6055,96.4804,96.5235,94.6408,95.6024,95.9519,97.3193,99.3478,98.9904,99.7304,97.8712,97.5755,97.1785,96.1971,96.2781,96.7288,95.2633,93.2456,96.1589,96.0676,95.2954,94.8106,92.9608,94.5227,94.4035,94.2089,93.7489,93.7406,94.6465,96.1302,96.0785,97.8129,98.8067,100.373,98.7307,97.4629,95.9118,96.2861,94.7501,93.9932,92.218,94.0863,92.6649,93.5954,93.655,93.9485,93.9287,95.734,95.1669,96.2792,94.0156,92.7866,91.9938,93.5024,91.9891,89.8675,88.2302,88.5366,87.2502,89.7823,87.496,84.2613,82.7155,82.7953,83.8572,85.5688,87.0603,87.5358,86.5211,86.3867,87.7177,86.4328,85.1863,88.9405,89.335,88.9183,89.0074,90.225,92.2653,91.7152,92.3291,94.0189,93.7022,93.135,95.8036,94.4022,94.6466,95.5208,94.9489,95.2589,95.8499,95.3528,
100.013,102.326,103.748,104.536,105.579,107.785,104.824,104.871,104.323,105.217,105.938,106.57,105.038,105.707,107.016,108.269,107.47,106.837,107.886,107.376,103.661,104.086,102.638,101.895,102.072,103.133,104.186,104.781,106.693,104.061,104.766,100.851,99.9498,100.291,100.572,97.7837,97.6601,96.6251,96.0752,95.5061,94.7322,94.762,94.6116,93.9182,95.2336,95.4313,95.622,96.132,96.1818,96.8543,99.1733,97.5111,96.3535,95.5823,95.7066,96.5047,97.4661,96.3525,99.7348,98.8655,100.887,98.564,100.083,98.4605,98.5391,98.109,96.4047,97.0762,94.061,96.2327,96.3797,94.1497,93.0625,92.5082,92.01,90.3775,90.3611,91.8798,90.0081,93.0762,92.3584,94.2314,93.229,92.2623,90.5769,90.585,92.1886,89.071,91.0755,93.0944,93.723,95.8453,92.7191,93.5096,94.4913,91.4374,86.8079,86.4147,86.33,86.4207,
98.6834,99.6224,99.6233,99.1009,100.312,100.895,101.642,99.3907,99.5719,103.104,104.468,104.152,105.175,106.438,105.364,103.963,103.177,103.951,102.412,103.224,101.757,102.168,103.494,100.544,98.7467,101.171,99.4956,99.2712,99.4687,98.5806,98.5497,98.0896,98.5328,97.8571,100.057,99.2401,99.8344,99.7872,100.88,100.265,100.529,101.686,99.3436,99.2244,98.3413,98.8753,99.6866,102.619,104.522,105.91,108.113,108.915,107.413,107.975,109.46,108.891,107.023,105.172,108.045,109.708,110.239,111.461,111.607,110.278,108.967,109.28,107.627,108.108,108.661,111.831,111.094,109.173,105.742,103.05,106.205,107.068,107.13,107.53,109.208,108.568,108.578,111.138,113.632,114.678,114.209,113.298,112.606,111.781,111.233,108.3,109.669,109.703,110.652,108.242,108.602,108.227,109.235,109.026,107.51,110.205,
100.908,101.137,101.746,98.1283,96.5955,94.218,94.9498,94.1415,95.0165,93.3591,93.5944,93.069,93.7257,92.0628,89.5574,89.7883,89.5794,89.8759,87.8233,85.2677,85.5618,83.8895,83.7504,85.7037,86.8016,87.7601,88.4657,88.0481,88.5926,85.2721,85.0112,83.7794,82.9522,85.5622,82.7701,84.4644,84.8169,84.0621,84.6899,86.9264,87.5982,87.0529,89.3986,90.5596,90.9642,92.2175,94.312,95.492,93.672,96.5808,95.1738,96.9025,94.5443,93.6689,94.1353,91.078,92.255,93.0878,90.6936,92.4814,93.1737,92.26,89.2546,89.6825,88.0037,88.0716,87.8587,87.7685,85.8205,86.5779,85.6799,84.2313,84.2883,84.6571,85.4173,86.691,88.7664,90.327,88.1812,87.6684,83.8311,83.2088,83.6056,83.3414,83.1168,82.3881,85.7213,86.1805,85.7998,86.0661,85.6693,86.4183,85.5983,84.313,82.5452,80.9718,80.1857,80.4418,78.7965,77.164,
100.219,98.6656,97.7196,97.1721,96.0819,96.1341,93.8132,95.6537,97.4591,96.6379,96.8056,97.368,96.2848,94.9525,93.8512,91.8889,93.099,93.7033,94.774,94.9679,91.951,90.7419,89.89,92.1562,92.5624,91.6898,90.4058,91.8136,92.469,90.9964,90.2009,91.1127,91.4568,90.7685,92.0356,93.4117,94.2108,96.2425,95.2095,96.3653,94.5601,93.9318,93.8306,93.4366,95.4891,95.8407,96.3442,95.6072,95.5727,95.4303,94.1997,94.2467,93.0535,93.0469,91.512,95.2662,96.4138,96.5984,94.7472,93.4331,94.4609,94.9608,95.2644,95.5036,95.4951,96.2509,96.6435,98.159,99.4062,98.3424,95.2498,94.5165,91.1862,88.7399,89.9819,91.4919,89.5993,90.5339,90.6721,89.9806,90.4579,91.2984,92.6585,91.3311,91.4217,93.1324,94.9403,97.3177,95.9904,96.038,98.057,99.2915,98.5801,97.078,99.2466,99.0901,99.3067,102.136,102.112,102.737,
99.0015,99.2758,99.5493,101.33,102.605,104.93,103.4,102.002,103.579,103.374,103.916,105.519,106.327,102.822,101.992,100.009,99.9637,100.687,103.468,102.117,104.346,103.411,104.295,103.104,103.385,106.253,106.847,105.753,105.706,105.793,108.491,110.002,109.642,111.4,116.466,119.616,119.597,119.493,118.674,118.965,118.002,116.906,118.796,119.522,119.716,120.841,123.026,122.584,121.961,123.427,124.523,126.736,125.396,124.783,125.125,125.22,126.45,129.577,129.289,131.548,129.82,131.13,131.392,126.904,126.33,126.751,126.47,126.953,130.927,132.932,131.353,132.353,129.175,130.342,130.202,132.285,133.438,136.389,136.628,133.955,133.036,132.468,129.655,128.359,128.245,127.757,131.239,127.985,128.958,128.357,128.365,127.675,126.419,125.656,123.435,121.852,117.112,117.75,119.968,120.452,
101.676,103.12,105.959,105.295,104.117,103.393,103.48,104.71,104.285,106.012,106.196,105.781,107.629,108.832,107.1,109.063,109.292,106.411,106.064,105.252,105.381,108.342,102.638,100.874,102.5,103.767,102.358,104.258,102.969,105.332,103.311,103.085,101.489,100.771,101.962,102.51,100.272,101.709,100.144,100.885,98.7544,99.1489,99.784,101.728,103.579,104.028,106.252,105.434,104.63,106.241,106.99,107.483,107.583,108.082,108.027,108.91,107.27,110.296,109.888,108.964,107.75,109.489,108.628,112.324,114.481,114.367,117.811,118.534,122.165,125.027,129.255,133.494,136.133,138.035,137.849,139.563,136.208,134.593,136.244,138.019,140.659,141.33,140.068,140.198,140.49,143.514,144.704,148.416,148.15,148.339,147.623,148.114,151.715,152.433,152.438,153.72,157.458,160.969,160.897,161.305,
98.0146,100.282,100.432,98.7477,97.5679,99.7806,100.151,99.6379,102.12,100.134,98.9321,102.359,100.616,100.777,99.2363,96.3839,97.755,97.642,97.0175,97.1027,96.8197,93.4838,92.5589,91.246,91.6922,92.3785,93.1356,92.504,92.5068,93.1869,93.4446,92.3532,94.1746,93.3105,95.3445,93.8843,93.3625,92.6383,91.5508,92.9237,92.4389,93.4705,94.9346,91.7294,93.0391,94.977,98.4428,97.5673,93.9891,95.0904,95.0991,95.4055,95.0692,97.4116,95.4716,95.866,99.2298,100.235,98.7836,98.6071,96.9304,96.0057,96.04,97.4342,96.9663,96.3428,97.2506,97.8555,98.1695,101.776,100.51,99.8211,98.9305,100.202,103.104,100.536,100.943,100.913,101.513,104.921,101.946,103.231,103.884,105.112,105.454,104.636,108.829,110.507,111.887,109.833,107.564,106.329,105.082,104.971,103.636,104.674,103.341,106.295,105.029,101.795,
101.036,100.269,99.0522,101.886,105.09,105.558,107.081,107.581,106.899,107.561,106.998,105.17,105.36,101.973,102.243,102.847,100.489,101.121,102.851,103.78,101.704,105.762,107.341,106.158,109.338,109.801,111.199,110.464,110.914,108.946,107.681,106.973,105.866,105.384,109.222,112.49,114.397,112.153,111.095,114.561,110.73,112.737,114.228,115.823,113.938,115.327,110.612,110.592,111.643,109.965,110.332,113.54,113.828,116.753,116.894,113.802,113.006,109.725,110.638,109.275,110.125,106.718,107.249,106.402,105.438,103.321,98.3085,97.2987,97.1568,96.4725,98.4636,97.0042,96.6517,95.4551,95.6999,94.1724,93.768,93.9445,90.8544,90.11,88.5647,88.2031,87.4326,88.6302,90.0494,91.158,91.7311,92.0934,90.8538,91.4529,92.8626,93.9754,92.6768,92.7405,93.5842,95.0662,94.1927,94.3488,94.868,95.0171,
101.281,102.429,102.511,103.185,101.774,103.395,104.19,104.94,104.38,101.502,101.121,100.178,100.866,102.866,103.243,104.37,106.745,105.993,106.097,106.718,105.468,105.579,105.362,106.203,108.59,107.218,107.172,109.145,109.369,109.884,108.895,106.264,105.205,105.802,106.491,109.745,108.684,109.447,106.785,105.827,105.263,103.21,101.816,101.87,101.986,102.632,102.372,103.546,104.287,103.07,105.008,104.908,101.699,101.624,99.264,98.6608,98.3218,97.6007,96.3551,97.9982,96.8488,95.5264,95.1311,94.5832,94.9314,94.2779,93.826,96.1683,97.8598,97.947,95.7891,96.1752,96.5055,95.4461,93.0292,92.067,90.5546,89.3958,86.1056,84.839,86.8812,87.0379,88.0445,90.1347,88.0793,87.0173,86.9766,86.9539,87.6839,87.9361,88.2118,86.4673,86.8864,88.415,88.7977,91.4347,90.9709,90.638,90.5242,88.4884,
101.097,103.659,102.651,103.26,105.889,104.051,102.914,102.455,102.524,100.666,98.2135,99.7351,98.1897,98.5406,99.3615,97.4331,97.7972,98.0437,97.5049,96.6376,93.9396,95.1264,94.3426,90.4341,88.8429,88.0272,86.5403,86.2686,86.7418,85.0134,84.3807,83.5962,83.0455,82.7192,80.8959,79.5929,80.6911,82.6051,84.6021,84.3406,87.4185,87.8668,86.7178,87.4966,86.3104,87.7532,86.9945,88.3523,89.043,88.0473,87.7084,87.3145,86.7267,86.0727,84.6957,84.9541,85.6557,84.7155,83.375,84.5544,83.2435,83.6814,84.4929,82.9025,81.5415,82.9582,81.279,81.4697,80.6102,78.7556,78.4594,78.6356,79.5655,78.1282,79.8543,79.5642,78.7178,79.1491,80.9778,78.156,78.9939,80.69,80.0492,80.3667,80.0496,81.2876,80.9647,81.028,82.19,81.0307,80.325,78.9266,80.482,80.5836,81.9155,81.6823,81.1887,79.6038,79.6912,79.7699,
99.3052,99.68,97.0343,93.3617,93.7905,92.6247,97.1533,97.3836,97.5054,95.5261,95.7098,97.4611,95.4086,94.6419,93.4113,88.9511,86.4636,86.5847,87.2343,88.3429,88.988,91.825,93.9107,94.2749,94.7766,93.518,94.8619,95.9312,94.6826,95.0906,95.1307,95.4451,95.2809,97.1092,100.631,101.107,101.722,102.575,101.34,101.737,102.164,100.376,101.664,99.3286,98.9569,98.4441,100.265,101.596,102.37,103.215,101.258,100.577,102.104,102.971,105.189,105.009,104.072,101.224,102.619,102.464,103.497,105.052,106.567,108.426,109.711,106.566,108.261,106.486,104.187,103.865,104.414,104.656,107.327,106.937,105.551,108.44,106.998,106.17,107.478,104.264,106.333,108.089,106.312,107.351,106.757,104.853,105.857,105.192,103.326,104.361,102.737,102.746,102.877,102.278,101.677,103.024,102.7,102.412,103.201,101.248,
98.9606,98.8748,99.0466,98.6586,98.1886,99.0541,97.7787,98.3338,97.4965,99.54,97.2186,97.7867,95.9022,95.7225,97.2902,96.4663,96.0504,95.7379,97.3048,99.5101,100.339,97.9086,95.7524,95.1024,95.6401,95.609,97.0662,94.5867,92.43,93.4469,91.5341,93.1465,92.4916,93.6081,94.2837,92.8884,93.3865,94.5086,94.0528,96.1652,97.8244,97.7834,98.2937,98.3194,99.5103,100.936,99.9839,97.66,99.3683,100.057,97.8835,98.3242,97.4923,96.7041,98.1301,97.4574,99.7433,102.1,104.625,105.053,104.311,103.73,102.348,105.006,105.833,107.707,105.718,105.414,105.076,103.686,101.752,101.594,98.7362,99.7404,98.8616,97.4267,96.776,98.2438,101.837,101.536,102.602,102.32,102.94,100.53,100.902,100.986,102.267,100.516,99.4689,99.3524,98.2367,96.1641,94.8458,93.4447,94.0729,93.9075,93.7197,92.2318,92.2438,88.9763,
98.4516,98.0158,100.494,99.571,98.9278,100.299,99.3401,99.7588,97.4576,99.3352,99.8138,100.446,103.121,103.577,105.344,103.918,103.335,102.822,100.895,101.53,101.488,102.156,101.024,98.6783,100.928,99.4458,98.2353,99.3639,104.237,104.207,104.83,103.057,101.621,101.606,100.917,99.3475,100.286,100.327,100.023,99.546,99.9852,101.686,102.819,102.733,102.626,98.8507,99.0092,98.3464,100.74,101.582,101.886,99.4924,98.3785,100.269,100.316,100.225,98.5564,98.2991,96.2312,93.7037,91.1223,92.7165,92.9655,91.5302,89.1553,88.045,87.6452,87.8041,88.6037,91.2445,91.5642,90.7944,90.6382,93.0664,93.7512,92.9738,94.8882,93.7366,93.9957,92.7708,95.4353,97.3877,97.717,99.1472,99.365,99.2383,97.6121,99.329,96.9029,98.4919,98.5348,97.8908,99.3913,99.8089,98.7954,98.3307,97.3153,98.8325,96.7879,95.1495,
98.7311,100.72,98.7972,96.8004,97.4951,98.0699,95.5275,95.1643,95.1219,93.7535,92.1148,93.6337,96.9235,97.5706,99.68,101.833,102.497,102.421,101.114,96.9106,94.302,94.3415,95.988,95.1639,97.8685,97.3578,98.4366,96.7594,96.6399,98.3408,97.6829,96.2605,95.9747,96.39,95.8198,94.2588,93.9911,92.4312,93.5533,91.3203,91.2412,91.4722,90.335,90.3785,91.112,89.9336,89.6977,89.8648,90.2437,89.5838,88.9406,89.8324,89.6259,89.9395,88.3532,86.8189,86.0604,84.2106,83.5734,83.1301,84.4104,82.7422,83.4705,83.1418,82.1446,83.4201,84.5123,84.9842,84.1986,83.0745,82.9747,82.8928,86.241,84.0061,83.0863,84.3335,84.6881,85.195,84.7006,84.8967,85.8278,86.9766,87.3962,89.6054,91.7654,94.2372,94.1788,93.3753,92.2932,92.2306,90.6842,89.2128,88.1262,87.0729,88.3517,89.1016,87.034,86.4431,85.1655,84.6747,
100.554,101.909,101.836,101.328,103.438,104.187,105.705,105.517,105.207,106.253,108.494,109.387,108.907,109.32,107.575,108.544,108.014,106.68,109.263,108.648,109.704,109.329,111.832,112.038,111.691,109.33,112.242,113.763,117.34,117.166,119.019,116.932,117.692,116.894,118.753,116.298,110.756,110.618,109.059,109.921,109.769,111.191,110.171,108.099,103.08,102.092,100.146,100.944,99.4956,98.9405,96.1888,96.4003,93.9814,92.6429,91.5537,91.7931,93.5905,91.4568,92.7789,92.2693,94.2594,94.651,94.8344,96.071,98.9429,99.9611,101.638,100.979,100.029,101.613,98.9748,97.7478,99.3655,99.7552,98.702,98.7965,99.7223,99.2289,104.499,104.489,107.308,106.52,107.643,107.304,108.901,106.967,107.549,105.149,104.593,104.065,103.137,101.536,101.442,100.296,100.719,100.906,102.271,103.438,104.182,104.086,
98.9962,97.193,98.0968,95.7317,93.7542,95.7832,96.5472,97.9541,99.3007,100.856,101.218,101.059,100.927,103.421,103.017,101.503,102.583,104.554,105.745,104.897,103.158,105.976,107.486,107.411,109.501,109.78,109.223,107.783,108.627,109.318,106.992,107.937,110.182,114.099,116.738,115.821,113.438,113.572,116.777,114.936,114.563,113.851,113.73,112.871,111.032,111.577,113.101,112.679,114.031,113.079,113.772,112.583,110.913,109.823,109.354,110.198,112.44,114.721,115.921,117.222,120.861,120.273,119.678,120.03,120.955,119.904,122.002,120.106,120.025,120.836,121.009,121.2,122.044,121.059,120.27,117.066,115.074,115.229,116.151,113.905,115.547,112.935,111.534,111.702,114.563,113.508,114.453,112.809,113.507,114.801,112.887,112.072,113.133,110.132,109.52,109.443,110.589,111.062,109.381,111.961,
99.4963,99.2418,100.786,101.698,103.851,105.428,107.39,108.604,108.733,112.176,109.542,110.267,108.119,109.028,110.158,110.208,111.678,111.059,113.535,114.616,117.623,114.93,114.519,116.06,115.486,115.592,115.644,113.287,110.19,109.924,111.186,112.591,111.902,110.064,110.469,109.606,112.538,115.704,115.601,114.115,114.108,112.603,113.964,116.428,116.917,116.366,118.985,119.175,120.294,117.766,117.598,118.018,117.762,117.869,117.86,116.584,115.343,116.089,113.392,113.791,115.836,118.366,120.17,118.893,117.803,115.622,117.034,117.179,116.473,114.917,112.241,112.164,110.823,109.907,110.917,109.038,108.459,108.168,109.284,110.599,108.078,104.865,103.78,103.58,99.9864,99.4336,99.8273,99.2231,97.1839,97.641,95.6797,94.879,95.7969,95.1298,96.3682,98.7726,96.8244,93.7086,91.6346,93.7718,
99.1701,101.328,103.55,101.153,101.803,103.863,102.115,103.22,102.53,101.128,101.557,101.246,101.365,102.991,103.245,102.871,103.717,105.885,105.877,106.034,106.158,107.887,110.235,107.498,110.341,107.485,107.584,106.253,104.349,104.554,104.981,104.038,103.614,103.626,103.715,104.611,103.928,103.82,105.386,104.543,103.438,104.094,105.675,103.781,103.735,104.955,104.083,102.629,104.255,104.059,103.471,102.968,103.431,105.492,103.977,104.67,106.598,105.132,105.641,105.324,105.95,106.88,106.699,107.851,108.171,107.96,108.912,109.192,105.512,104.09,104.691,104.714,103.979,102.351,104.563,102.608,101.342,102.199,102.912,102.168,101.598,101.794,101.908,101.692,98.4688,97.4073,97.9403,96.6443,99.2483,100.662,99.0557,99.358,97.1782,94.6814,96.5641,95.3888,95.3273,94.578,93.5048,93.7732,
100.529,99.4523,100.349,101.184,101.599,102.466,102.318,100.327,101.888,103.011,101.053,99.5931,99.5306,97.7507,97.4499,97.284,95.917,93.0748,96.1806,95.8779,93.8055,95.2964,93.8843,91.7231,95.4409,97.1711,98.6867,99.8989,100.354,100.046,100.047,101.475,102.353,102.876,101.053,98.4145,98.8936,98.6795,97.9347,96.4217,98.0913,98.4805,97.8299,96.0655,96.2789,94.8483,94.0199,94.3724,95.0838,96.4715,97.643,94.0748,90.5427,93.2084,93.4459,93.2543,94.4059,94.1087,96.6636,98.5071,99.3559,98.2041,98.8035,98.4379,99.7093,100.267,99.2012,97.3409,95.6365,94.0945,95.4609,95.3342,96.3013,98.4312,98.6169,96.6111,98.941,99.9726,98.4232,98.9222,97.9317,99.8553,100.496,101.449,100.966,99.8899,96.893,95.4207,96.1484,96.4414,93.7822,92.5677,93.2368,91.1299,90.2076,90.8201,91.168,90.1496,90.709,91.4638,
101.791,100.789,102.661,104.479,103.701,101.787,100.679,100.666,100.98,100.616,100.583,98.9268,98.6672,98.2924,96.7041,97.1158,96.519,98.417,95.6014,94.5783,95.4535,96.4055,97.0978,94.7132,96.3927,98.6647,99.0687,96.664,96.7212,98.1398,100.891,101.333,100.533,100.376,99.1295,99.2521,100.519,99.7308,98.2007,97.6882,98.1743,98.8961,97.8936,99.4528,97.4348,97.8848,97.6654,97.1165,94.9718,94.2674,94.6136,96.1676,99.0466,102.564,98.9256,98.1991,97.4534,96.5619,99.141,99.1763,100.309,100.028,98.8573,98.8256,99.4355,98.8669,101.276,99.0359,96.4517,96.8859,98.5423,98.4799,97.8396,96.4028,96.453,96.9778,95.4062,97.1621,94.4838,93.0435,92.6497,93.6619,93.6994,93.7028,91.8883,92.0677,92.216,93.2031,94.0146,92.4059,94.6707,94.9255,95.9032,95.2456,96.8994,98.0422,97.1453,95.1029,95.7092,94.3205,
101.413,101.368,98.0075,98.913,101.11,100.28,98.209,98.0651,94.6165,95.9298,95.8309,97.1204,96.8729,97.894,98.0317,98.5484,99.0551,98.397,99.5089,101.927,100.828,99.9758,100.681,99.8024,99.3125,98.3892,99.7222,100.865,101.255,101.814,97.8947,96.2687,99.3228,101.564,100.365,100.374,98.5367,99.256,98.3848,97.9104,97.6133,98.223,99.9173,97.6506,95.7108,99.6708,103.23,103.141,102.164,101.323,103.191,101.79,100.293,100.589,101.058,102.52,102.878,101.317,102.242,104.213,105.975,106.787,104.883,100.399,102.472,101.724,104.73,106.74,106.741,106.808,108.987,108.928,109.681,110.826,111.569,115.197,115.825,115.872,115.095,115.255,114.643,112.831,114.096,114.916,114.661,114.725,112.855,110.587,109.463,112.958,111.729,113.464,112.683,116.265,115.313,117.018,116.044,117.123,118.987,120.722,
97.8977,96.639,99.2896,99.5728,100.953,101.103,100.197,101.029,101.332,102.66,102.557,103.252,99.2102,98.1159,99.2251,99.3694,99.2373,98.8965,97.0153,95.3257,96.7453,96.7053,94.2308,94.6627,93.1458,94.228,93.8459,93.3887,92.7635,91.2328,91.0751,88.6434,88.6478,89.7516,89.0938,88.7205,88.6574,88.5235,89.4664,90.0518,90.7843,92.4583,93.0915,93.8317,95.1786,96.5302,97.6511,96.7911,97.9499,96.8847,95.0149,92.8372,92.6907,94.3391,93.644,93.0024,92.5649,93.4242,93.5711,90.9818,92.3256,93.5774,92.2393,92.8005,94.9939,94.6944,92.3122,93.6328,93.1421,90.8367,89.8796,88.9199,87.8108,88.0944,88.2262,86.8501,87.6036,87.1767,86.2682,85.8923,86.722,86.3744,86.6851,87.8797,86.9052,86.4316,85.3211,87.6333,89.4776,88.0963,87.8832,86.9344,87.3188,86.3243,84.3323,84.0985,81.4901,79.8069,79.4321,78.1607,
97.5602,99.8124,99.1994,98.1791,95.9809,97.896,96.5108,95.8618,96.0719,96.2552,97.5135,96.8534,97.5087,98.2371,98.2203,97.7451,95.4876,96.1398,98.24,98.7611,98.1918,97.4771,98.4594,99.1737,100.077,99.6726,99.5719,100.637,101.179,102.764,102.976,104.36,105.524,106.094,106.93,107.724,107.237,109.095,108.38,109.058,110.574,109.106,109.196,109.208,108.826,107.282,106.471,105.831,105.07,107.485,107.762,109.134,110.029,112.024,113.269,114.559,112.31,114.464,114.662,116.529,114.921,113.548,115.254,114.826,116.305,117.276,118.483,118.563,117.701,116.423,115.377,115.989,115.708,118.328,117.44,119.509,119.617,119.113,118.531,116.923,116.997,116.56,118.309,120.81,120.299,118.613,117.829,116.218,116.507,117.513,115.847,110.763,110.648,109.668,110.739,111.871,110.796,111.867,110.411,110.172,
98.5765,99.6666,100.537,101.946,99.9906,100.353,98.7344,98.1675,97.723,98.377,98.7448,97.7317,100.269,97.4322,98.2077,98.5961,102.203,100.276,100.711,98.9469,96.6353,92.8657,92.8844,93.1931,91.9399,93.54,96.2832,94.9787,93.6398,92.988,94.0126,93.2689,91.3999,92.3922,91.185,90.7407,92.5832,92.4392,92.2323,93.5299,92.9194,92.2751,92.7856,91.7236,92.4538,94.3333,95.43,96.4749,98.798,99.3362,98.9265,97.8646,94.3075,94.7368,93.353,92.9666,90.8483,90.7162,92.9729,92.6952,92.9029,92.9044,93.2377,91.8295,91.9066,92.2824,93.5577,92.8903,93.6277,95.3815,93.4967,93.0911,92.641,90.8798,92.9675,92.3993,91.774,92.7587,93.7326,95.986,94.3567,94.0737,92.4991,92.1435,94.1361,94.5514,94.7459,91.6539,91.3473,91.4752,90.336,89.3057,86.206,85.9928,85.5527,82.6406,81.9239,81.7788,82.3712,83.9555,
100.273,98.7867,96.55,99.0486,97.7133,96.1637,94.7812,94.8564,96.7059,97.5177,99.861,102.865,105.351,106.584,108.706,109.678,107.578,106.709,107.393,107.367,106.243,104.911,104.003,106.264,105.142,107.454,107.993,105.19,105.246,105.855,108.533,107.37,106.764,104.923,106.544,106.487,106.861,104.697,103.974,105.277,107.575,107.101,104.897,103.393,100.274,97.9598,98.4147,99.5194,99.7266,98.7589,97.3021,96.4094,96.1697,100.171,101.008,100.242,103.135,104.124,102.862,102.338,100,102.078,101.572,101.615,101.954,102.434,100.303,100.307,99.0974,98.0644,97.4199,98.3429,97.7014,98.8136,100.542,101.07,101.072,100.907,100.475,100.648,101.872,103.503,100.38,100.53,100.815,99.9687,99.7534,98.0582,98.097,95.5993,93.4132,94.2369,95.8964,94.0706,94.79,93.8788,91.7828,91.2387,89.6357,88.9877,
102.837,107.567,107.013,106.747,107.442,106.463,106.655,108.794,107.947,106.596,106.505,107.432,108.252,107.554,109.019,108.999,107.688,106.685,108.246,105.66,105.589,105.7,105.652,103.155,104.511,104.865,106.575,105.359,106.18,106.193,104.933,104.209,105.223,105.653,104.006,105.154,105.412,105.947,103.778,103.249,105.779,104.361,105.471,107.292,105.305,106.078,106.664,108.229,105.735,106.668,106.545,110.785,111.035,112.455,108.92,107.272,108.487,108.118,108.869,108.61,108.615,109.919,106.779,109.445,106.902,106.872,106.42,104.712,106.922,104.269,104.822,102.589,102.111,103.166,104.277,104.704,102.477,101.787,100.662,100.843,101.347,98.782,98.0799,99.005,99.4081,101.668,102.723,103.527,103.479,104.287,103.889,103.983,103.409,103.618,104.556,107.228,106.701,106.373,105.069,107.044,
99.1764,97.4421,96.5154,96.3243,95.8962,94.6078,92.9344,91.3379,89.6376,90.788,89.2911,90.1591,90.1784,90.4114,90.0806,88.0997,88.6519,86.4558,86.7947,86.9848,86.9014,87.1863,87.2658,86.9077,86.7547,88.897,87.4505,88.272,88.304,89.2908,92.2114,92.8287,95.0614,96.8004,95.0005,94.1534,94.0762,94.0522,94.6844,95.2358,93.9922,93.4219,91.1909,91.0809,89.2271,89.2917,86.0116,85.4623,86.7139,83.2776,83.9246,85.0674,86.0491,85.1496,86.9462,87.6058,86.431,84.75,84.0369,81.8703,83.45,84.1712,86.9739,86.5013,86.6032,86.8257,86.5646,86.2362,86.5728,84.8836,85.6957,86.136,84.7014,82.8466,83.7994,83.678,84.0057,85.0004,85.8718,85.0689,82.6399,81.933,82.163,82.3475,83.6326,86.2077,89.2531,88.8519,89.1239,90.8436,90.5239,89.9269,89.2654,88.2149,86.911,87.5019,86.7394,86.5539,85.9576,86.2898,
100.792,99.1456,98.7684,98.5339,100.192,100.468,101.289,97.9898,100.023,98.4214,97.7137,99.065,99.7291,100.298,101.175,102.464,105.174,101.854,104.3,99.9019,101.868,103.782,102.01,102.971,103.014,103.857,104.501,103.626,103.523,102.497,100.161,98.0175,95.9734,94.1378,94.6925,96.1912,96.5172,96.4118,95.0229,95.425,95.7755,93.7871,94.7342,94.4397,93.4979,93.5115,92.4512,92.8855,93.3149,91.4322,92.9639,95.037,93.9886,94.5736,93.861,95.6727,95.9507,97.7038,97.2365,97.787,99.0415,101.001,100.122,98.9653,98.3811,98.2166,96.7567,98.3234,100.005,100.399,101.392,99.2254,99.5599,99.4902,98.9091,100.059,100.473,100.969,101.182,98.9374,99.1659,99.754,100.866,104.223,104.062,103.484,104.635,103.457,101.304,100.535,100.761,102.014,100.99,102.034,105.09,104.745,102.367,101.911,99.1781,97.8783,
100.727,101.274,99.9228,98.3289,98.2609,98.5069,101.555,101.899,102.089,103.323,103.54,103.132,102.985,99.1903,99.0047,100.278,101.443,103.131,102.917,103.57,102.667,101.473,100.538,103.655,103.897,102.784,103.877,104.263,107.02,107.724,107.435,110.422,109.71,108.847,106.203,108.269,106.37,106.458,106.037,106.602,106.262,103.511,102.365,100.435,101.057,102.218,101.276,101.571,98.9948,98.7706,97.3167,98.2267,101.155,103.715,101.021,95.6018,97.0297,95.8651,96.8627,95.6642,97.2367,94.9438,93.9985,93.6171,92.3887,92.0416,89.6596,90.176,89.5459,89.3852,90.7157,90.6142,91.1181,91.5378,88.5524,90.0354,87.587,87.6125,86.6929,85.0148,85.3978,83.7263,83.0193,81.8007,82.7172,84.4914,82.2748,81.3631,78.9567,82.4535,81.9042,79.9165,79.3261,80.229,80.3901,79.3494,79.1631,80.5116,79.3096,80.3189,
99.2114,101.423,99.2313,98.833,97.5249,95.5692,98.8722,102.271,101.883,102.624,104.127,101.534,100.803,103.328,101.307,102.958,104.034,104.776,108.258,105.481,106.739,103.986,102.319,104.247,104.203,103.121,105.502,102.047,100.781,100.501,100.844,98.3725,98.7833,98.7297,101.92,99.2185,96.5974,95.2339,94.1264,95.643,96.2045,96.478,97.5009,99.5124,99.3486,100.711,103.617,102.284,99.8584,101.53,100.017,99.0544,99.4141,99.0722,98.9729,101.167,101.928,101.313,104.024,103.394,104.205,103.352,103.673,102.185,102.976,102.316,101.616,103.206,103.313,105.369,106.348,106.344,107.148,106.669,111.078,109.126,109.097,108.867,108.672,107.981,106.583,103.401,102.143,103.083,102.271,100.083,100.652,101.145,100.256,102.059,100.794,100.16,99.578,101.03,101.366,101.282,102.044,101.13,97.0171,98.8332,
99.294,99.4591,95.787,94.4578,93.7454,94.3571,94.9008,96.7503,97.1017,94.7421,95.2047,94.0961,93.7281,90.5558,88.4581,87.4032,89.0128,87.6679,88.7808,90.6794,92.5356,93.0241,91.7033,91.6856,91.9947,91.0453,90.7784,87.6142,88.3176,87.4401,85.6914,86.2727,88.3157,89.3733,91.672,90.3217,89.856,89.8702,90.4812,92.042,91.9457,91.6894,93.4125,94.2335,95.2623,94.2969,95.4036,95.8655,95.9593,93.6485,92.9879,91.2518,90.4263,90.1661,90.7501,90.686,93.0266,93.2772,94.5459,94.3373,91.9358,92.0957,93.2065,91.7696,90.5181,92.4956,91.5672,93.4342,91.2907,90.8249,91.5799,93.3159,93.8563,93.8733,92.9204,93.3099,94.5016,93.9441,96.3943,98.9146,98.9651,98.5975,98.2175,96.869,98.8281,99.383,98.8244,96.2433,96.2153,94.4718,93.8844,94.252,94.0533,92.6011,94.9478,95.4443,96.0162,93.5212,91.9317,92.5003,
98.8486,96.8357,96.1955,94.6467,95.3523,93.0626,89.1079,89.2188,88.5058,88.4298,87.1187,85.2578,85.9247,85.3333,86.1112,85.4654,84.8773,83.3923,83.5433,83.3899,84.8832,85.7951,84.4316,85.0192,83.2573,82.6121,84.9771,84.4909,84.9948,84.9542,83.397,82.9351,83.1641,82.1254,82.5824,81.5073,80.901,82.2507,82.5872,83.2662,83.8359,85.7422,86.4274,84.8779,83.7648,85.1937,87.9133,89.3456,90.8654,88.7297,88.3792,87.4841,88.7489,88.7777,89.4842,90.3591,92.3392,95.1355,94.764,93.8636,94.0718,94.4028,93.1314,92.1452,92.3565,92.5035,93.5223,95.1203,95.8969,98.3983,99.4839,101.391,102.416,100.722,100.362,101.05,102.028,101.586,102.596,99.4119,97.2689,96.6418,97.766,97.5281,98.4092,96.5409,97.5242,98.4114,97.6253,95.7812,96.4341,95.8142,94.5609,96.2672,100.048,98.9209,97.9108,95.9267,93.73,91.1174,
99.2631,98.5997,99.7447,100.206,97.5424,98.0622,98.9724,98.3457,96.7638,94.9076,94.1515,93.0815,90.9371,93.1541,94.5899,95.6314,95.4037,94.7302,96.3876,96.0316,93.6173,93.9069,93.5529,94.9266,93.9034,93.9083,94.3009,93.7967,92.3371,94.8678,96.6342,96.4569,97.8323,96.1498,95.184,96.6772,97.1861,96.148,93.878,94.2925,94.3873,93.2774,96.9998,94.701,91.8077,91.3918,88.6783,87.3226,85.0175,86.3829,87.6368,87.7367,88.7499,89.0632,89.3388,87.8636,88.7863,90.0067,90.4319,91.2257,90.6362,91.3442,89.4479,87.4339,87.4728,88.577,87.3868,88.2681,87.2934,86.1441,84.5783,83.018,83.0445,82.1274,82.223,82.7001,83.2026,83.588,84.2278,85.7947,85.8472,84.9182,84.1983,84.7381,85.3778,85.8155,83.2993,80.2972,81.1848,82.3709,82.9318,82.8332,82.0116,82.2051,83.3988,83.6124,82.2809,82.5827,82.1395,80.6034,
99.6066,96.7999,97.2094,93.1401,93.4074,94.045,95.5106,94.8663,94.0585,93.4708,94.5136,94.078,93.8804,95.6747,95.0483,93.9069,94.8336,94.6857,93.3739,94.2706,94.8077,96.0513,96.6737,97.2913,96.9437,94.7979,92.4939,91.045,91.046,88.9207,88.4823,86.1417,85.2284,87.5168,87.9244,87.477,85.9693,84.6598,84.3777,85.2154,85.8173,85.4535,87.9435,86.9459,85.5799,83.9208,82.4573,81.7345,84.5214,82.8276,83.3527,84.2425,86.3519,86.9333,89.1694,89.6912,90.4716,89.114,86.3597,88.6726,89.1562,88.7209,86.7529,87.4258,85.8998,85.9928,86.5987,89.8194,90.3966,93.1391,94.2636,95.5845,97.6501,98.4935,98.218,98.4662,98.8764,97.0066,92.904,91.613,92.1406,90.8441,88.7434,88.1005,89.5676,87.5535,88.1756,89.8469,90.0179,90.7223,89.7028,89.3436,89.4591,91.0752,94.6445,96.0045,96.1567,93.9569,93.8298,93.7015,
99.4619,100.934,100.702,98.3536,97.4626,99.0032,100.558,100.615,97.4196,98.4245,99.3104,96.4074,93.4571,92.4443,91.7263,92.4996,90.1459,90.5801,90.6427,89.5038,90.1922,90.741,91.3358,92.3879,93.4147,93.5532,92.6735,93.1904,93.6195,95.1657,95.7673,93.2566,94.8535,96.2944,97.2902,98.517,99.1311,96.2968,97.8008,97.0254,97.7392,97.8684,96.6087,99.4247,98.3181,100.626,102.598,101.053,102.106,99.7845,97.6797,94.9436,96.9106,95.7078,97.8667,97.6956,98.492,99.3949,101.637,99.541,97.7436,97.5158,97.2541,95.6255,95.4355,95.6935,96.9036,94.4737,94.0011,95.7867,95.7014,95.5783,94.539,93.028,94.0633,96.1123,94.8136,95.2461,92.5789,91.9063,91.3121,92.0582,92.0627,91.8333,92.7856,93.6019,92.3602,92.0128,89.9635,90.5007,90.3821,91.2901,91.0217,90.3023,88.7704,87.7922,89.0111,89.0708,86.6785,85.8565,
96.1079,96.224,95.4075,94.1974,93.6673,91.9786,91.119,90.3574,91.088,93.3726,91.0601,91.3079,88.8651,90.0659,89.5739,89.6373,89.3803,88.8387,89.825,88.1337,89.5608,88.3451,88.3097,90.6545,90.6588,90.2571,89.9693,87.815,89.8036,87.4192,85.3173,83.2319,80.8514,79.4946,79.9584,79.7193,79.2333,79.3988,78.2499,79.6875,78.5521,78.5035,79.0878,78.2147,77.8416,77.4757,77.8969,75.5584,74.5129,74.9905,74.3951,74.8296,75.6773,76.4785,75.9053,76.3782,74.9856,76.2565,76.0705,75.3063,73.6451,71.2573,70.915,71.9941,72.5549,71.9019,73.2692,73.0947,72.0255,74.4683,74.8512,74.6197,71.9117,69.0843,69.81,70.4131,69.9576,71.6285,72.5256,72.3482,72.9318,74.5021,74.8105,77.1143,75.1729,74.1723,73.599,73.8337,73.4639,69.7965,69.7226,71.0389,71.7733,71.0236,71.318,72.1839,73.3652,72.9804,73.8178,74.7664,
101.895,104.006,103.354,102.774,100.589,102.119,102.95,104.719,104.963,104.903,104.129,104.113,103.488,106.801,106.523,105.881,106.011,105.414,105.424,102.243,103.397,104.024,104.275,106.723,104.847,102.201,100.771,102.295,100.338,101.325,103.559,104.572,100.633,100.647,101.096,100.641,102.55,98.3512,98.235,95.9435,93.1204,94.5656,90.3782,90.6567,91.4217,91.2863,91.7385,90.7949,92.4416,94.2269,93.4545,93.0373,92.7539,92.4587,92.6628,93.3538,93.8631,93.959,95.0954,97.0828,95.2369,95.8879,94.1801,94.1263,96.1981,97.6733,96.8137,97.4549,96.2082,94.9658,95.077,93.9886,95.2669,94.1327,93.864,94.0529,94.346,93.4749,93.6286,92.0641,89.9355,88.6386,88.1182,88.7776,88.4637,88.7851,87.4272,87.175,88.5124,87.8045,87.4843,87.2575,88.1586,87.3489,88.0639,88.1383,88.0197,86.2403,85.3794,86.1713,
99.0964,99.5366,101.76,99.196,96.3237,97.1328,96.252,98.7731,99.8328,97.1388,96.6792,95.3632,96.7343,98.9745,99.1743,99.8199,100.106,98.3825,98.5138,97.4977,97.2906,98.4115,100.462,99.012,98.4414,98.0697,96.9635,99.7022,102.4,100.84,99.7182,100.881,99.5737,98.2952,98.4168,98.1987,98.0155,96.3583,98.4055,97.405,97.5721,98.6872,99.6327,97.9164,99.5893,99.3541,99.8687,100.238,99.6067,99.2015,99.2785,100.034,99.3227,101.553,98.7982,97.4578,97.2804,96.9319,94.5455,93.9206,94.0837,94.0321,94.1118,93.4721,93.9144,89.8401,88.2209,88.4443,89.3819,90.7002,91.5132,94.417,92.857,94.4416,96.1736,97.2512,98.3403,100.402,98.5745,97.9846,98.3765,99.757,98.3314,95.8204,95.3919,95.1413,93.6182,94.0824,94.0071,94.1145,92.4368,94.0852,93.377,95.6731,94.4236,91.9914,92.728,91.716,91.7467,90.8929,
98.6471,100.771,103.16,101.225,101.371,102.064,103.343,100.626,100.287,100.436,99.8865,99.5664,100.893,102.469,104.085,105.411,104.346,101.336,101.565,100.565,100.296,95.9978,99.0211,97.1746,96.0961,96.1054,95.8957,95.0234,96.4383,94.944,93.1041,91.9638,93.2553,93.631,93.9048,94.4711,91.0171,93.4438,94.7326,96.5906,95.2035,97.768,95.9364,96.2752,95.6589,98.6203,99.3365,101.078,103.55,105.71,108.122,107.989,107.443,107.161,107.967,108.148,107.026,108.826,109.517,111.902,110.707,108.023,107.101,106.288,108.64,110.051,112.31,107.136,107.419,106.589,104.866,105.704,106.704,106.182,108.448,105.678,104.892,103.65,105.679,106.163,106.458,103.766,101.438,102.567,101.773,102.419,100.362,101.839,101.564,101.726,101.927,99.0544,98.1018,97.1927,95.9168,95.0655,97.8145,96.0836,94.7758,95.5983,
99.7092,99.6334,98.9561,98.9649,97.4313,96.5076,97.461,97.9728,100.953,101.525,101.992,102.408,101.372,102.939,104.026,105.042,104.747,107.399,106.598,107.878,108.536,108.828,108.666,108.476,109.07,111.263,111.479,111.481,110.627,109.053,108.677,110.269,111.706,109.857,109.01,111.816,111.694,110.378,112.043,110.458,110.535,110.635,113.338,113.654,114.866,114.346,113.107,113.574,110.456,109.565,109.635,109.543,109.896,111.207,111.188,109.27,109.349,111.403,108.691,106.091,107.902,103.582,104.657,104.592,106.104,106.038,107.195,111.785,112.463,110.251,111.811,111.487,109.368,110.542,110.274,112.899,112.427,115.864,115.258,115.575,115.291,117.301,116.523,116.492,114.129,117.28,117.134,115.976,114.584,112.763,111.299,108.432,106.509,106.426,104.362,104.841,102.883,104.762,104.995,105.597,
101.172,98.5758,99.2103,99.8943,98.9037,100.785,98.665,97.659,100.677,103.132,105.362,106.033,106.314,104.601,106.234,106.849,106.435,105.9,104.169,103.247,105.011,107.18,108.43,108.14,108.169,106.984,103.096,101.077,98.4441,97.4845,98.4755,96.6521,96.5106,97.0591,99.0741,99.2952,99.8828,100.28,103.344,101,101.135,102.038,103.761,105.624,107.865,106.631,106.993,108.481,108.458,105.98,107.344,105.817,110.035,111.075,108.724,106.217,108.928,107.969,109.324,110.053,108.476,105.43,104.766,104.671,106.859,103.682,104.398,105.766,103.021,102.541,101.529,101.265,102.258,101.222,99.5395,96.6573,95.89,94.135,93.5338,96.8186,96.6934,98.3079,98.4516,97.8351,97.8856,99.1543,97.2795,97.527,99.0341,98.0256,99.2554,99.1098,100.313,101.075,98.4297,104.387,103.474,102.467,98.5449,97.1103,
100.228,100.535,101.721,105.997,106.038,109.532,107.302,107.436,104.489,103.541,106.001,106.136,106.901,107.386,108.747,109.139,111.741,112.459,111.637,112.066,111.082,110.106,111.665,110.957,112.614,108.818,110.085,107.713,107.211,106.649,106.623,109.987,108.67,108.764,110.446,109.328,107.125,107.142,104.318,102.077,102.676,104.275,107.68,108.872,108.566,109.361,107.115,106.453,108.444,105.675,107.766,108.556,107.515,109.522,106.471,106.374,104.86,103.93,105.725,102.832,105.591,105.29,101.876,101.542,103.776,103.437,101.938,102.16,102.397,105.014,104.877,103.552,102.611,100.257,100.627,100.979,101.676,101.647,100.793,102.917,103.225,103.004,103.347,101.577,98.9849,104.169,101.647,98.8615,103.152,104.871,105.976,106.45,108.153,109.485,108.791,111.491,110.31,109.087,109.601,111.217,
98.733,98.1663,96.4862,97.2851,98.3175,97.6291,96.695,98.6027,99.0601,97.6578,97.7892,100.786,100.976,100.073,100.962,100.429,100.626,98.2438,98.7448,98.0675,97.4046,97.6961,98.4625,99.0089,99.5128,98.145,94.8166,92.956,92.6463,92.9105,94.9854,97.1176,97.1964,96.3513,95.8828,94.5747,93.014,90.9733,91.4003,91.7348,90.7236,88.7786,88.5948,89.6772,92.0048,91.5164,92.3777,95.32,95.3537,95.2647,97.5301,95.4574,94.3134,92.6226,92.3488,93.294,92.8469,92.2483,92.1021,90.9281,89.1176,88.0165,88.1427,89.9598,92.4281,93.7235,94.2126,93.2774,92.4551,91.2618,90.1816,90.3012,89.7663,92.621,95.474,96.5359,95.5997,92.4396,92.2983,92.2639,91.654,92.9418,94.0973,95.1572,97.5817,99.8552,98.0775,98.456,96.0361,95.7382,95.9773,98.4885,97.5785,98.417,95.7554,95.1987,93.2569,94.0224,95.8336,96.5646,
100.312,101.116,98.0824,98.298,98.5855,97.1806,96.5398,96.873,98.6926,98.1352,96.8358,96.6975,99.2655,101.268,102.566,104.91,106.002,102.525,103.402,103.46,103.676,103.795,103.845,104.186,103.331,105.207,103.607,105.695,106.959,106.717,108.997,110.727,109.131,105.207,108.305,108.811,108.679,108.803,109.95,111.137,109.516,112.469,113.514,114.065,117.474,116.869,114.715,117.315,117.789,118.945,119.471,117.043,115.77,113.387,112.858,111.903,112.474,111.369,111.646,109.974,109.33,109.869,110.525,112.44,115.038,115.983,114.185,114.89,116.035,118.211,116.136,114.821,115.381,117.275,117.347,112.651,113.524,113.037,111.231,113.903,112.415,110.076,111.552,109.929,106.236,105.118,103.919,102.113,100.044,99.6744,99.1927,99.6909,99.8077,100.554,98.2166,99.0123,96.6283,95.0653,94.3436,92.6879,
97.5899,102.067,102.289,104.053,103.38,103.511,101.941,101.812,100.344,100.864,100.883,101.74,98.512,100.09,100.31,101.207,99.9931,100.964,105.109,107.36,109.355,110.333,111.108,109.327,109.782,111.493,111.415,108.546,110.352,110.447,108.499,106.924,104.719,102.77,103.339,106.01,107.85,105.754,103.589,103.552,100.339,100.998,100.762,101.452,100.707,102.622,105.352,104.09,104.092,102.997,103.724,104.221,106.193,106.137,107.882,110.068,108.386,111.676,112.125,111.563,112.787,110.591,112.205,111.251,113.443,114.594,116.391,115.268,116.124,118.211,119.857,120.02,121.048,124.774,125.153,125.138,124.186,125.489,124.233,127.026,126.342,124.595,125.227,124.313,120.503,118.211,117.873,120.451,122.248,121.014,122.856,119.649,118.528,118.928,115.699,117.77,115.84,114.936,114.128,115.461,
101.552,101.93,100.424,100.223,99.3383,100.763,100.849,98.321,100.075,102.937,103.281,104.979,105.088,104.758,101.442,101.366,101.583,104.788,106.731,107.93,104.998,107.842,106.075,106.345,107.741,108.216,110.725,109.216,109.702,109.021,107.817,110.238,110.796,110.91,111.641,110.419,115.179,115.749,119.204,119.93,122.093,122.798,118.974,119.841,120.799,120.034,118.614,116.372,116.343,119.394,118.953,122.108,120.653,122.357,120.033,119.688,117.311,119.273,119.392,119.452,122.216,121.647,126.324,126.703,129.336,129.135,130.21,130.836,129.938,130.38,130.448,129.833,129.043,130.379,127.13,128.926,125.112,128.933,129.081,131.633,132.683,132.502,131.032,131.63,133.006,135.835,134.171,135.742,136.409,137.383,137.665,140.499,140.282,137.869,133.147,137.72,140.682,143.786,144.576,147.336,
99.6261,100.493,102.513,102.979,104.439,103.697,101.082,101.574,102.944,104.452,103.969,102.058,103.269,102.05,101.614,102.135,101.764,101.547,101.424,100.237,98.1463,95.745,94.3706,94.9113,94.117,94.9858,96.776,97.3411,97.4129,97.8492,100.614,99.172,100.048,98.6841,97.3489,97.6145,97.2577,97.3054,98.6922,98.7157,97.4869,95.1425,95.3371,97.1344,96.0857,96.4161,95.067,92.6969,91.3066,91.0428,90.4647,91.6376,92.3062,92.5922,91.8303,91.0175,89.5906,92.4912,92.0003,94.0733,93.9742,95.5807,96.0343,96.6568,96.6739,95.1665,96.5481,96.9833,97.034,95.9725,95.4667,97.2976,96.9515,97.558,96.3476,98.0233,97.4658,99.1239,97.5109,96.2621,93.9219,93.2858,96.1716,95.4003,94.4862,93.3029,94.5499,95.3805,98.0322,97.5891,98.8612,99.4743,96.7256,96.658,97.8969,99.4023,102.229,102.593,101.982,102.854,
101.997,103.583,103.381,104.15,100.747,101.917,97.9365,97.4442,100.3,100.487,99.9684,99.0692,98.1203,98.759,98.081,98.8055,100.961,101.116,103.426,103.94,104.035,105.258,106.222,107.624,108.253,106.593,109.387,109.864,109.215,109.392,110.493,108.554,111.062,109.689,106.361,105.797,106.421,107.876,108.604,108.427,106.545,107.523,105.785,103.553,105.525,106.987,106.447,106.471,106.235,105.174,104.306,101.959,102.075,103.822,104.335,106.685,106.743,108.311,108.549,107.342,105.294,106.392,104.906,107.288,108.893,108.294,106.218,104.942,107.691,106.659,108.025,109.418,106.74,106.577,108.092,105.92,106.623,104.502,107.153,105.067,105.785,106.355,104.2,103.588,102.694,104.981,104.333,105.415,101.954,103.74,104.821,105.422,107.103,108.052,104.712,105.312,108.21,106.311,103.76,102.499,
98.9056,99.877,99.0307,100.258,101.924,102.424,106.686,106.077,106.646,106.915,106.992,108.19,110.124,108.803,108.813,107.433,107.547,108.352,107.566,105.234,103.833,103.373,105.434,104.946,104.069,104.39,103.434,104.612,106.875,106.492,107.755,108.246,109.624,105.768,104.21,102.562,100.893,100.254,100.864,100.118,101.627,103.865,103.08,104.846,106.477,105.847,105.377,106.444,107.229,110.042,111.723,112.707,109.396,107.242,105.003,106.883,105.885,106.08,107.552,106.983,106.646,107.345,103.335,104.135,105.361,104.892,103.539,101.815,96.9964,96.4299,95.5886,94.8029,95.5083,96.1621,97.3639,97.681,96.2488,96.3219,94.0117,95.7058,93.5583,94.0372,91.9497,92.3145,92.7861,93.8198,93.3598,92.588,91.8571,95.3044,95.0492,94.5994,96.4831,94.017,94.0843,94.4959,94.7417,94.42,95.5338,95.7969,
99.7393,97.0596,95.459,97.1212,97.7245,96.9562,94.246,94.5394,94.8114,94.2844,93.2539,94.2131,91.2465,91.869,91.0846,91.0061,93.589,92.5076,92.5409,91.3689,90.7842,93.1865,90.9514,89.9076,90.7827,93.1282,92.7707,93.3011,92.5018,92.1546,91.7244,93.929,93.8209,95.3408,94.6807,94.6623,95.8185,94.0611,94.7768,95.5546,96.8294,97.138,99.2688,99.2754,96.956,97.2592,95.4125,95.1852,95.2211,96.1257,98.0114,98.2992,99.048,98.3357,100.558,100.794,101.165,102.354,102.093,102.203,104.079,103.111,103,102.836,99.0986,100.063,100.069,101.52,103.022,104.118,108.508,109.89,110.052,111.969,113.449,112.803,112.721,113.107,113.457,112.993,115.788,117.054,114.24,114.134,113.897,114.051,114.423,112.421,110.286,110.293,109.238,109.686,110.438,113.34,115.011,115.369,115.944,119.504,121.004,121.748,
96.3846,95.2243,94.3211,97.0116,98.2658,99.2602,100.04,99.4552,100.55,99.4527,96.6639,98.0638,100.175,99.271,98.0859,98.3395,96.2208,95.7779,96.3327,98.5197,99.8754,100.155,98.6883,100.135,101.71,102.582,102.582,103.327,104.39,101.683,102.283,101.268,99.092,99.5792,101.29,99.4504,98.957,99.7841,101.065,103.228,102.854,102.957,106.179,108.918,106.268,105.625,104.869,105.566,104.356,105.771,105.678,106.267,104.845,104.227,106.3,106.195,105.941,105.539,105.752,108.647,107.291,105.92,107.136,105.901,109.15,110.023,111.324,112.753,113.254,113.453,111.304,108.309,108.744,105.964,105.693,103.251,103.415,102.393,100.52,98.6675,100.501,102.284,102.955,102.829,99.9685,100.897,104.095,101.33,101.805,102.043,104.124,101.435,98.2198,99.6012,100.712,102.904,105.678,102.903,102.655,101.95,
99.3807,101.382,101.192,99.7249,100.063,99.7962,97.5106,95.9961,95.7631,95.367,97.1658,98.0191,97.5559,98.0654,97.1526,95.7802,94.8647,94.0652,96.6328,96.9173,98.4453,97.6168,96.9184,97.3545,95.5323,94.0984,95.1067,92.2829,92.0987,91.9486,90.3008,90.4545,92.2208,93.3547,96.3802,94.0335,96.4738,96.1234,97.7841,97.9072,98.5977,98.0789,97.4123,96.2737,95.4058,95.8364,95.6452,93.4787,92.1818,92.6758,93.6055,93.8873,91.583,92.0284,93.537,94.0391,93.9805,91.5504,91.2062,88.7883,89.1477,89.4639,91.0051,91.1755,90.8231,88.8377,91.4753,91.5119,88.6451,85.2093,83.3209,84.0141,84.4404,83.363,82.0554,84.0894,85.906,84.7246,84.9222,83.7362,82.878,81.354,81.6551,81.9224,83.5964,82.4297,81.0039,79.9121,80.607,79.1124,79.2293,78.3347,78.455,76.9179,78.6748,80.4305,80.215,81.816,81.5015,82.1851,
100.946,99.7009,98.6712,98.3585,97.5523,95.789,98.2894,98.0724,98.1018,96.9901,97.7773,98.5353,100.662,100.48,99.6511,99.5187,100.464,100.895,101.026,100.752,101.304,99.2859,100.024,99.9596,101.127,99.8025,100.273,99.9464,98.9736,98.916,98.8248,101.366,101.598,104.26,104.892,106.419,107.773,105.688,106.628,109.156,109.301,108.45,109.223,108.369,109.48,108.734,108.777,108.687,107.235,107.174,105.42,107.59,109.712,109.415,110.921,111.704,110.066,109.293,109.971,108.148,106.793,107.452,108.328,107.268,106.521,104.949,105.158,105.448,104.523,103.984,104.569,104.584,105.596,107.935,105.235,106.41,107.861,105.999,108.09,109.007,108.497,106.972,107.316,109.489,109.363,110.924,109.391,111.014,113.98,113.761,113.942,115.288,115.757,114.072,115.424,113.738,114.239,111.066,113.431,113.263,
100.868,98.6414,99.7979,99.6622,98.498,97.2025,96.861,99.0421,100.81,100.087,101.166,101.246,102.087,105.064,105.077,107.384,106.719,107.078,108.413,110.038,111.066,110.397,113.314,115.9,117.066,117.619,119.61,119.872,118.927,118.011,118.746,117.147,116.562,118.119,121.566,123.936,124.167,122.281,123.127,121.206,118.706,119.748,118.421,118.442,119.194,118.83,118.863,121.417,122.655,123.85,125.537,126.182,127.586,126.084,124.422,125.25,129.526,130.688,127.126,124.945,122.67,122.78,121.89,123.34,120.728,119.51,121.058,120.301,116.748,118.912,117.279,118.688,119.612,118.87,116.963,116.453,120.041,118.49,118.441,117.727,116.483,117.634,119.036,120.378,118.391,120.046,119.478,117.094,114.333,115.418,115.889,117.305,117.329,117.15,117.486,116.883,117.538,119.914,116.709,116.33,
96.9364,98.5384,96.5002,97.2683,98.9683,97.8288,98.2905,97.4149,95.7953,94.3869,94.2918,91.1799,91.2623,89.4959,90.3492,94.1461,94.063,93.14,94.0653,93.7468,94.6161,96.1765,94.6437,94.3805,97.6759,98.947,98.2021,96.6396,97.0002,96.6072,95.0443,93.5926,90.2867,89.7981,90.3652,91.1973,91.1293,90.1184,88.3152,88.3593,88.8094,89.3849,90.8759,90.7328,90.0762,91.1115,91.7556,92.2951,90.8016,91.3702,92.0038,90.5777,91.68,91.3269,91.9024,89.8867,88.1478,88.0934,87.382,86.8504,86.4775,85.7259,84.4354,84.2448,83.9203,81.8037,81.5333,83.6464,83.2605,81.7887,81.9894,82.0882,84.5682,85.4414,84.3986,84.4559,82.4794,83.2694,84.7917,87.4301,88.0056,88.9271,87.1217,90.193,89.8798,89.2395,87.019,90.1148,90.7824,92.4338,92.827,92.651,93.0919,94.9551,97.9592,98.4597,99.8289,101.419,102.408,105.097,
96.3903,95.3099,95.8298,95.1109,94.4927,94.4392,94.894,94.8647,96.5852,97.7095,99.2931,98.7981,98.0232,100.502,98.0623,96.2193,96.4154,95.0746,94.9122,93.4073,92.5071,90.8906,93.2665,93.8155,94.3637,94.9008,95.5764,95.4748,94.4572,92.2935,93.0582,90.1572,89.5234,87.8119,88.0836,86.8489,87.6986,86.6225,87.4025,87.4169,88.6842,89.1183,90.6836,91.4367,92.7741,93.6946,92.3154,90.1528,90.6953,92.365,92.9959,91.9883,91.6557,92.73,94.5209,96.5161,95.2386,96.907,96.6771,95.7761,96.4922,97.5221,98.0732,96.0166,95.0547,95.6696,95.1577,96.4938,97.8422,98.3897,96.9825,98.4971,100.292,101.121,99.4012,99.9844,97.6233,99.1887,98.6706,97.9703,97.9172,98.8977,99.79,98.3187,100.089,99.8575,100.873,101.206,102.237,101.246,104.167,104.721,105.633,105.654,103.717,103.866,101.52,104.163,103.303,103.233,
97.8102,95.8353,95.7688,98.085,97.078,93.7559,92.9327,93.9841,95.0452,97.108,97.2101,96.3227,94.1848,91.6868,91.4502,88.8154,88.9229,90.722,91.5876,91.7925,90.8168,89.2107,89.1137,88.6343,88.6265,90.8088,90.5541,89.4072,90.339,91.5763,92.6811,91.6549,92.9241,94.0624,94.8519,94.5259,95.8392,96.9805,95.5692,93.2914,93.0648,93.6731,93.8427,94.0623,95.4146,96.1193,95.9093,94.5419,92.5388,94.8421,93.4629,94.1622,93.6328,93.1573,93.7722,93.2635,92.4256,93.4073,90.864,89.9535,90.7093,89.0519,90.1189,90.9975,91.7353,89.9343,88.1976,87.8862,87.3559,86.8658,86.6145,85.6701,83.6673,84.4845,84.8942,84.4224,82.4342,84.3102,82.8959,81.5303,79.8948,80.04,80.502,80.3562,78.8493,76.0387,73.7785,74.3992,74.0856,75.0272,75.0836,74.1789,75.7367,75.0562,75.7931,75.9299,75.4018,77.159,76.9819,75.9649,
96.9045,98.4537,98.4356,98.4752,97.5892,102.076,100.234,100.155,100.339,99.5117,99.9841,98.4936,100.736,100.854,96.6846,94.4304,92.5465,94.288,92.2815,91.5485,92.3616,90.1565,88.8136,86.6584,86.0162,85.0531,85.24,84.3427,85.1602,86.503,86.9805,86.02,84.8195,87.15,85.8715,85.343,87.3423,87.8026,88.5046,87.5611,87.8365,84.7562,86.041,87.7725,85.7601,86.1187,85.8377,85.7286,85.6287,85.7329,86.1046,86.3489,85.9184,84.6889,84.1272,83.462,84.4464,84.5433,85.5822,84.6321,84.3252,83.3713,84.9867,86.4792,85.5138,83.8265,83.6108,82.104,79.487,79.7204,79.8985,80.5631,80.3459,81.0587,78.7178,77.6388,75.8291,77.2929,77.2734,77.2411,78.5146,78.8639,76.8884,78.638,77.8988,79.5987,78.4256,77.7733,77.8877,77.8952,77.7498,77.1645,78.0665,78.2608,79.5151,78.2546,78.4746,78.0558,78.8328,78.0326,
97.9774,98.0608,97.9028,97.4829,96.8971,94.8773,95.0952,94.8145,95.2481,95.2941,96.8087,96.3756,94.2871,95.9769,95.5275,95.2364,95.8415,95.2754,95.2429,93.255,94.2208,93.1651,95.527,95.3497,95.4692,97.2159,94.4962,95.7832,93.2361,92.0255,93.0709,92.6181,90.5228,90.0652,90.1502,88.0577,90.3307,91.5741,90.6869,90.3917,90.257,90.6473,91.1658,90.7901,91.4733,90.6938,92.0525,88.7199,87.9602,86.925,87.9754,87.3354,86.7969,85.5622,86.9823,85.7896,83.3696,84.357,83.5282,85.6988,86.243,86.8433,86.4546,86.1834,86.8391,85.5689,85.5271,86.2119,85.2917,86.8757,88.1805,89.0099,87.7815,87.3622,84.1417,85.1143,84.4968,86.2705,86.9779,89.2148,87.7616,86.5458,86.3164,85.4242,85.7911,87.68,86.0015,85.4504,83.6452,84.2264,82.6411,83.7041,84.3982,83.4093,84.3168,84.1169,82.7132,83.7537,84.6372,83.4543,
98.0251,98.4552,98.4018,98.8339,98.2019,97.8061,98.7316,98.7268,97.1973,97.538,97.7386,99.2344,101.382,100.079,99.9292,99.1601,97.5835,95.8031,94.5378,95.2946,93.8138,93.6465,95.9293,94.1792,93.3142,92.8516,92.9799,92.3885,92.3583,92.8166,91.7961,91.9428,91.5378,92.4533,92.7502,91.7132,92.8256,92.6249,92.5715,93.816,94.6816,96.3485,95.0603,96.2174,97.0001,98.5602,98.7089,98.4137,97.8429,99.3726,97.9002,96.6139,94.299,93.9716,96.7832,96.8683,96.7644,95.1909,93.6938,92.6202,92.9876,92.9606,93.0483,91.4761,90.607,89.8555,90.0075,89.9555,91.0039,91.0639,91.5529,90.9435,92.9911,93.2473,96.5199,97.1027,93.5479,95.303,93.9053,93.4344,92.8119,92.7907,94.1534,94.3544,95.1423,94.9935,92.8435,94.2642,96.4343,96.3771,96.5313,97.3326,96.3228,97.4526,96.0289,96.9723,95.9673,96.6405,94.8478,93.6976,
100.687,101.646,101.908,103.741,104.774,103.788,103.239,101.688,100.363,96.9804,96.0121,98.0773,97.2433,98.6152,98.9573,98.5804,98.7817,98.0431,96.6441,96.5889,96.0907,96.7941,97.3783,99.3743,99.8277,101.535,100.889,103.808,103.494,105.93,104.26,104.679,105.617,104.827,105.959,106.695,106.85,108.251,104.516,106.253,107.102,109.969,112.074,109.934,108.415,108.981,107.201,108.014,108.057,111.118,110.078,111.436,113.159,111.971,112.244,108.827,108.164,108.371,105.378,107.604,107.612,107.184,106.938,106.629,107.149,109.993,110.107,111.406,109.908,108.993,111.047,109.66,108.933,110.516,109.954,109.528,108.965,106.724,107.205,105.979,107.347,106.681,107.65,107.006,104.69,107.977,108.404,108.479,105.12,104.423,103.264,101.257,100.357,101.272,100.745,99.6766,98.1178,99.6185,102.308,104.111,
102.882,104.662,103.576,101.96,101.055,101.802,101.834,102.017,103.686,101.571,105.251,103.133,102.654,100.764,99.5399,98.886,99.9415,98.303,99.0201,99.3831,102.041,101.168,100.504,99.3432,99.7517,101.32,99.8309,100.154,100.303,98.7041,99.856,100.963,101.806,101.689,104.448,104.76,104.042,104.118,104.326,103.464,103.942,104.788,105.384,104.141,102.476,105.705,108.949,108.892,106.303,104.596,103.066,100.461,104.229,103.241,102.435,102.631,103.709,101.723,101.662,105.185,107.261,104.013,104.742,103.171,103.598,103.515,103.264,101.597,103.162,104.686,104.482,104.973,105.968,104.229,105.726,106.051,105.405,107.198,106.581,106.313,105.608,107.115,107.156,103.74,103.221,101.995,102.252,100.135,100.451,98.174,98.7493,100.642,100.213,100.537,100.417,99.728,99.4474,100.126,99.3557,102.146,
100.841,100.643,101.553,101.981,102.985,103.893,102.17,103.509,101.575,102.075,103.132,104.598,102.137,100.621,99.7683,102.535,101.844,102.921,100.29,102.184,100.753,101.593,101.888,99.7639,98.4703,98.24,96.5941,95.9235,96.938,95.4984,94.9146,94.7529,96.7415,98.6867,97.9744,95.7,96.4544,98.6336,98.0099,97.9362,96.2523,96.9501,95.3538,97.9369,98.2124,97.2218,99.775,99.2638,100.611,102.423,103.04,100.832,101.857,101.578,99.4406,99.4973,96.2994,94.8194,95.256,97.0808,97.0405,96.5845,96.7103,97.9684,99.5531,99.0572,100.762,100.111,101.936,102.136,101.912,103.078,103.558,102.443,105.308,105.319,107.658,108.481,107.006,106.391,104.511,104.395,103.333,105.526,106.548,108.35,106.587,104.907,105.315,104.277,104.724,102.813,103.059,104.151,104.839,106.616,106.4,109.124,108.725,110.838,
100.044,101.191,102.412,101.015,100.375,101.839,104.585,103.241,105.963,109.473,106.149,103.177,103.356,100.621,102.442,102.623,103.606,104.758,101.366,100.546,99.3903,96.4429,96.8909,96.6447,97.6345,100.091,100.63,101.952,101.282,99.8991,100.979,100.836,97.8052,95.6245,95.5945,96.5598,95.5838,94.8599,92.9581,94.1516,95.0847,95.0507,96.4577,99.1775,98.7581,99.5897,100.571,99.8198,101.55,100.161,98.3179,95.5258,96.3903,95.4141,94.9103,94.55,92.4522,94.7938,93.3803,91.4819,93.1579,93.8983,90.543,90.7921,88.5895,89.8332,89.2734,91.4213,92.6145,92.4051,89.4544,90.7873,90.7986,91.0248,92.4843,93.6219,91.698,95.0117,93.9536,90.183,91.8148,90.9953,88.7853,87.1644,87.915,89.4344,88.4288,85.6691,84.0363,83.4321,81.2,81.3538,80.1856,78.4602,79.2985,78.0551,77.9358,79.0054,78.5718,75.2099,
99.6736,98.5089,98.3662,99.0206,99.8356,100.676,100.536,103.109,100.729,100.016,99.9019,100.871,98.7677,100.152,100.748,101.92,102.329,103.172,101.996,102.077,104.846,105.076,106.237,109.126,108.406,108.079,105.166,104.056,103.556,103.959,104.529,102.481,102.428,103.042,102.456,100.399,100.092,99.1717,98.3092,97.6151,96.8811,96.981,95.9337,96.4105,95.3755,93.5187,92.728,94.067,94.8187,92.3584,92.0088,92.7368,95.0561,94.5425,93.6747,94.8644,94.8866,96.8078,96.8574,95.8088,98.1001,97.5499,97.9649,98.3992,99.7079,97.4846,96.6349,98.6466,96.4977,97.2197,98.1347,93.8013,92.6564,90.1833,89.2635,90.2791,89.122,88.5139,86.9022,83.8384,84.2541,86.7742,86.8378,85.8908,86.4894,86.6202,85.2185,85.433,85.1911,88.4089,88.2944,91.116,93.3802,93.6682,92.0997,92.7092,90.7129,89.5758,89.5656,87.5885,
98.8265,98.1806,98.2359,98.7431,100.426,101.262,102.535,102.273,102.641,101.373,104.782,103.047,101.272,101.708,101.734,100.942,100.87,100.694,99.7402,103.851,105.347,104.18,105.364,108.772,107.377,108.21,110.317,109.063,107.033,106.63,103.665,103.402,103.307,103.494,105.237,104.041,101.566,101.793,101.939,101.645,101.08,100.001,101.475,101.465,100.93,98.5415,99.8529,102.1,104.919,102.684,104.139,105.341,104.77,105.353,103.915,105.723,103.004,101.901,101.364,102.003,100.857,100.267,98.435,98.362,99.1905,97.8198,99.6144,97.7781,98.1419,98.5218,100.305,100.047,99.6049,100.899,98.0423,98.6221,100.06,100.893,99.3667,100.02,97.0396,95.9506,99.1665,99.6923,100.229,102.671,101.342,102.173,102.513,100.25,98.0817,98.9442,99.0288,98.6725,100.26,100.381,100.002,98.4397,98.5017,96.8874,
98.6754,96.8834,96.8205,97.9622,98.5246,98.1103,97.5514,97.3481,99.6887,97.793,97.2123,99.5348,97.0108,98.6751,99.6577,101.682,100.62,101.672,97.9991,97.2406,97.8703,97.2306,95.7635,96.8446,98.9343,98.6154,98.5949,98.424,97.3287,96.2512,96.3567,95.7586,96.3943,97.605,95.3894,94.9724,95.2346,93.8546,92.8867,91.8939,91.2539,90.3189,91.7221,91.5085,91.1173,92.0204,91.902,91.1458,89.4228,89.168,88.4265,90.7789,89.7551,91.5114,90.4855,89.5251,89.33,90.5509,92.322,92.9129,89.8881,89.9066,90.3284,90.6145,89.3683,88.2191,88.1175,88.9539,87.1165,86.6483,84.5503,83.745,81.3051,81.9668,82.1905,83.3615,82.9115,83.6665,84.3112,85.0135,84.1637,81.2701,79.7173,78.0587,80.8095,82.3626,83.2101,83.2645,83.8131,84.7261,84.3258,83.3584,83.4763,82.1428,83.2126,82.9466,82.8254,83.0546,82.9101,83.6903,
102.294,100.69,101.219,102.52,105.416,105.579,106.787,107.81,107.704,108.003,111.594,110.773,111.175,110.01,111.338,110.479,111.454,109.803,111.065,112.154,110.564,111.98,113.672,114.885,116.253,119.501,120.044,120.996,119.818,119.629,114.396,112.662,114.069,111.62,109.508,108.132,109.635,108.729,109.568,110.497,110.1,108.234,107.797,106.463,106.009,105.201,106.428,106.727,106.126,106.589,103.43,101.862,102.451,104.202,103.937,102.969,103.974,106.697,105.954,103.463,101.577,102.448,101.918,100.721,102.229,106.127,105.12,104.465,106.397,107.732,105.032,104.305,104.179,105.818,105.827,104.135,105.186,105.058,107.487,107.929,108.138,109.001,108.995,108.034,107.946,109.575,109.194,107.126,107.799,109.476,109.069,110.624,108.984,110.534,111.24,111.571,113.898,110.478,108.741,108.868,
99.8105,100.837,102.966,101.464,101.016,101.651,101.289,99.3475,100.259,100.101,102.542,101.455,100.942,100.739,99.0532,101.307,100.261,98.6602,97.2644,98.5902,98.5928,98.341,99.3448,97.2107,98.5156,99.9359,102.095,100.568,100.523,101.494,100.88,102.252,100.946,100.22,100.752,99.3974,99.0875,100.878,102.081,100.343,101.457,102.031,98.8552,96.4632,95.5524,95.6248,93.9153,93.6524,93.4734,92.2033,91.4193,90.9998,92.177,91.7274,94.8539,94.6119,92.8419,93.1397,94.6047,92.7204,93.227,92.8369,92.2947,94.1602,95.6549,95.2304,93.7742,94.7584,95.8502,97.7859,98.63,99.4303,100.102,101.329,96.6332,96.9649,98.3222,97.0522,95.0185,95.8234,95.4657,98.1158,98.6239,98.3384,97.015,96.9035,96.0363,95.9792,95.3507,94.0064,93.239,89.973,88.7943,89.0415,89.5838,90.245,91.16,88.2927,86.9838,84.4222,
99.1731,99.3559,100.922,102.819,101.333,102.227,101.233,98.0017,99.2334,99.3992,102.206,102.803,102.305,101.129,100.647,103.179,100.396,102.956,102.251,101.309,100.896,103.598,102.972,99.0137,98.4411,98.5062,102.672,100.793,100.211,99.1556,99.2116,99.7918,100.458,98.3313,99.8061,100.162,99.3216,101.015,98.7242,98.0239,97.2096,97.3076,97.4342,97.7403,99.4729,101.525,100.043,101.79,102.337,102.206,101.14,100.357,102.857,103.903,105.626,103.578,103.373,102.757,104.833,106.114,103.985,106.462,109.694,113.333,114.424,113.978,114.149,117.99,118.619,116.039,117.445,119.16,119.82,118.542,116.488,115.782,114.702,113.528,113.989,114.103,111.705,110.868,110.158,109.007,108.169,108.065,107.608,108.946,109.537,109.914,111.999,111.422,113.309,113.285,114.057,115.513,116.608,118.001,116.249,113.183,
